vendor/galaxy-explorer/index.html	27	Составление звёздной описи…
vendor/galaxy-explorer/index.html	31	Колесо мыши — приблизиться к курсору
vendor/galaxy-explorer/index.html	33	Зажать ЛКМ — повернуть галактику
vendor/galaxy-explorer/index.html	35	Стрелки / WASD — обзор, Q/E — зум
vendor/galaxy-explorer/index.html	37	Сверху справа — настройки
vendor/galaxy-explorer/index.html	40	Настройки галактики
vendor/galaxy-explorer/index.html	40	Настройки
vendor/galaxy-explorer/index.html	42	Кодекс — коллекция находок
vendor/galaxy-explorer/index.html	42	Кодекс
vendor/galaxy-explorer/index.html	44	Режим отображения: подписи / сцена / кино
vendor/galaxy-explorer/index.html	44	Режим отображения
vendor/galaxy-explorer/src/audio/ambient.js	47	Следующий трек
vendor/galaxy-explorer/src/audio/ambient.js	56	Космическая музыка
vendor/galaxy-explorer/src/audio/ambient.js	57	Музыка
vendor/galaxy-explorer/src/codex/codexData.js	54	Лавовая планета
vendor/galaxy-explorer/src/codex/codexData.js	55	Каменистая планета
vendor/galaxy-explorer/src/codex/codexData.js	56	Пустынная планета
vendor/galaxy-explorer/src/codex/codexData.js	57	Планета земного типа
vendor/galaxy-explorer/src/codex/codexData.js	58	Океаническая планета
vendor/galaxy-explorer/src/codex/codexData.js	59	Ледяная планета
vendor/galaxy-explorer/src/codex/codexData.js	60	Газовый гигант
vendor/galaxy-explorer/src/codex/codexData.js	72	Безжизненные руины
vendor/galaxy-explorer/src/codex/codexData.js	73	Мир машин
vendor/galaxy-explorer/src/codex/codexData.js	74	Разрушенный мир
vendor/galaxy-explorer/src/codex/codexData.js	75	Уничтоженный мир
vendor/galaxy-explorer/src/codex/codexData.js	89	Человечество
vendor/galaxy-explorer/src/codex/codexData.js	89	Виды
vendor/galaxy-explorer/src/codex/codexData.js	89	Земля
vendor/galaxy-explorer/src/codex/codexData.js	90	Фримены
vendor/galaxy-explorer/src/codex/codexData.js	90	Арракис
vendor/galaxy-explorer/src/codex/codexData.js	91	На’ви
vendor/galaxy-explorer/src/codex/codexData.js	91	Пандора
vendor/galaxy-explorer/src/codex/codexData.js	94	Строители Знаков
vendor/galaxy-explorer/src/codex/codexData.js	96	Тау-Волантис
vendor/galaxy-explorer/src/codex/codexData.js	99	Аэлары
vendor/galaxy-explorer/src/codex/codexData.js	99	Аэла
vendor/galaxy-explorer/src/codex/codexData.js	100	Хешты
vendor/galaxy-explorer/src/codex/codexData.js	100	Наковальня
vendor/galaxy-explorer/src/codex/codexData.js	101	Приплод
vendor/galaxy-explorer/src/codex/codexData.js	101	Прародина
vendor/galaxy-explorer/src/codex/codexData.js	102	Предтечи
vendor/galaxy-explorer/src/codex/codexData.js	102	Скрижаль
vendor/galaxy-explorer/src/codex/codexData.js	103	Некроморфы
vendor/galaxy-explorer/src/codex/codexData.js	103	Скоро
vendor/galaxy-explorer/src/codex/codexData.js	104	Неизвестный вид
vendor/galaxy-explorer/src/codex/codexData.js	115	Стрелец A*
vendor/galaxy-explorer/src/codex/codexData.js	115	Системы
vendor/galaxy-explorer/src/codex/codexData.js	116	Гаргантюа
vendor/galaxy-explorer/src/codex/codexData.js	117	Солнечная система
vendor/galaxy-explorer/src/codex/codexData.js	118	Чёрный Карантин
vendor/galaxy-explorer/src/codex/codexData.js	119	Сектор Альдераан
vendor/galaxy-explorer/src/codex/codexData.js	120	Двусолнечье
vendor/galaxy-explorer/src/codex/codexData.js	121	Пряный Предел
vendor/galaxy-explorer/src/codex/codexData.js	122	Спутник Бурь
vendor/galaxy-explorer/src/codex/codexData.js	123	Хот
vendor/galaxy-explorer/src/codex/codexData.js	125	Первая Верфь
vendor/galaxy-explorer/src/codex/codexData.js	126	Зольный Престол
vendor/galaxy-explorer/src/codex/codexData.js	127	Первый Сад
vendor/galaxy-explorer/src/codex/codexData.js	128	Меридиан-Ноль
vendor/galaxy-explorer/src/codex/codexData.js	129	Вольная Гавань
vendor/galaxy-explorer/src/codex/codexData.js	130	Чертог Молчания
vendor/galaxy-explorer/src/codex/codexData.js	132	Станция «Эндюранс»
vendor/galaxy-explorer/src/codex/codexData.js	132	Объекты
vendor/galaxy-explorer/src/codex/codexData.js	134	Звезда Смерти «Длань»
vendor/galaxy-explorer/src/codex/codexData.js	137	Планеты
vendor/galaxy-explorer/src/codex/codexData.js	138	Марс
vendor/galaxy-explorer/src/codex/codexData.js	139	Альдераан
vendor/galaxy-explorer/src/codex/codexData.js	140	Эгида VII
vendor/galaxy-explorer/src/codex/codexData.js	142	Татуин
vendor/galaxy-explorer/src/codex/codexData.js	148	Хешт
vendor/galaxy-explorer/src/codex/codexData.js	151	Прайм
vendor/galaxy-explorer/src/codex/codexData.js	152	Толстяк
vendor/galaxy-explorer/src/codex/codexData.js	217	смешанный состав
vendor/galaxy-explorer/src/codex/codexData.js	308	Система
vendor/galaxy-explorer/src/codex/codexData.js	309	Планета
vendor/galaxy-explorer/src/codex/codexData.js	310	Раса
vendor/galaxy-explorer/src/codex/codexData.js	311	Руины
vendor/galaxy-explorer/src/codex/codexData.js	312	Корабль
vendor/galaxy-explorer/src/codex/codexData.js	313	Станция
vendor/galaxy-explorer/src/codex/codexData.js	314	Особое
vendor/galaxy-explorer/src/codex/codexData.js	321	Раскалённый мир вулканов и лавовых морей — слишком близко к звезде для жизни. Образуется у самой звезды или разогревается приливами соседних гигантов.
vendor/galaxy-explorer/src/codex/codexData.js	322	Расплавленная кора, сотни градусов
vendor/galaxy-explorer/src/codex/codexData.js	323	Тяжёлые металлы, сера, редкие изотопы
vendor/galaxy-explorer/src/codex/codexData.js	326	Каменистый безводный мир с изрытой кратерами корой. Малое тело, не удержавшее атмосферу и воду — выжженное близостью звезды или промороженное далью.
vendor/galaxy-explorer/src/codex/codexData.js	327	Безводно, резкие перепады день/ночь
vendor/galaxy-explorer/src/codex/codexData.js	328	Руды, силикаты, строительный камень
vendor/galaxy-explorer/src/codex/codexData.js	331	Сухая планета песков и растрескавшихся равнин под жёстким солнцем. Обычно это мир умеренного пояса, потерявший почти всю воду.
vendor/galaxy-explorer/src/codex/codexData.js	332	Жарко и сухо, пыльные бури
vendor/galaxy-explorer/src/codex/codexData.js	333	Кремний, соли, лёд у полюсов
vendor/galaxy-explorer/src/codex/codexData.js	336	Мир земного типа: вода, атмосфера, умеренный пояс — колыбель жизни. Возникает в обитаемом поясе звезды, где вода держится жидкой, а атмосфера — стабильной.
vendor/galaxy-explorer/src/codex/codexData.js	337	Умеренный, жидкая вода и воздух
vendor/galaxy-explorer/src/codex/codexData.js	338	Вода, органика, плодородные почвы
vendor/galaxy-explorer/src/codex/codexData.js	341	Планета сплошного океана с редкими архипелагами. Тёплый мир обитаемого пояса, где воды набралось больше, чем суши.
vendor/galaxy-explorer/src/codex/codexData.js	342	Влажный, глобальный океан
vendor/galaxy-explorer/src/codex/codexData.js	343	Вода, биомасса, растворённые соли
vendor/galaxy-explorer/src/codex/codexData.js	346	Промёрзший мир на дальней орбите — ледяные щиты и азотный иней. Формируется за снеговой линией, где до звезды слишком далеко для тепла.
vendor/galaxy-explorer/src/codex/codexData.js	347	Мороз, азотный и водяной лёд
vendor/galaxy-explorer/src/codex/codexData.js	348	Лёд, летучие соединения, чистая вода
vendor/galaxy-explorer/src/codex/codexData.js	351	Огромный газовый гигант с полосами облаков и системой колец. Массивное ядро набрало толстую водородно-гелиевую оболочку в холодной внешней части системы.
vendor/galaxy-explorer/src/codex/codexData.js	352	Нет твёрдой поверхности, вечные штормы
vendor/galaxy-explorer/src/codex/codexData.js	353	Водород, гелий — топливо для скиммеров
vendor/galaxy-explorer/src/codex/codexData.js	361	Молчаливые руины давно вымершей цивилизации — ни тел, ни ответа почему. Жизнь угасла тихо: болезнь, климат или медленный упадок.
vendor/galaxy-explorer/src/codex/codexData.js	362	Вымерли без катастрофы
vendor/galaxy-explorer/src/codex/codexData.js	365	Мир, где остались одни машины: заводы и депо всё ещё работают на давно мёртвых хозяев, гоняя грузы по пустым орбитам.
vendor/galaxy-explorer/src/codex/codexData.js	366	Люди исчезли, автоматика жива
vendor/galaxy-explorer/src/codex/codexData.js	369	Разрушенный войной или катастрофой мир — расплавленные города, шрам на коре, орбита в обломках. Кто-то уцелел и бежал на соседний мир.
vendor/galaxy-explorer/src/codex/codexData.js	370	Катастрофа, часть спаслась
vendor/galaxy-explorer/src/codex/codexData.js	373	Уничтоженный мир: от целой цивилизации не осталось почти ничего, планета расколота на облако щебня чужим оружием.
vendor/galaxy-explorer/src/codex/codexData.js	374	Планету раскололи извне
vendor/galaxy-explorer/src/codex/codexData.js	380	Любопытный вид, едва вышедший за пределы родной планеты, но уже мечтающий о звёздах.
vendor/galaxy-explorer/src/codex/codexData.js	381	Суровый народ пустынь, живущий по воде и оседлавший песчаных исполинов родного мира.
vendor/galaxy-explorer/src/codex/codexData.js	382	Рослый народ, вросший в живую сеть своей луны-джунглей и защищающий её всем племенем.
vendor/galaxy-explorer/src/codex/codexData.js	383	Давно исчезнувшая раса зодчих, оставившая на промёрзшем мире загадочные Знаки.
vendor/galaxy-explorer/src/codex/codexData.js	384	Негромкий народ верфей — лучшие сварщики и навигаторы Альянса, одна из рас-основательниц Договора.
vendor/galaxy-explorer/src/codex/codexData.js	385	Народ расколотого мира, превративший траур в дисциплину, а клятву — в государство.
vendor/galaxy-explorer/src/codex/codexData.js	386	Монораса-коллектив Роя; выводок исполинских выращенных тварей, кочующих между звёзд. Имя дали чужие картографы.
vendor/galaxy-explorer/src/codex/codexData.js	387	Высокие тихие силуэты старшей расы; их видят редко, издалека и всегда за работой.
vendor/galaxy-explorer/src/codex/codexData.js	392	Сверхмассивная чёрная дыра в самом сердце галактики; вокруг искривлён сам свет.
vendor/galaxy-explorer/src/codex/codexData.js	392	Тип
vendor/galaxy-explorer/src/codex/codexData.js	392	сверхмассивная ЧД
vendor/galaxy-explorer/src/codex/codexData.js	392	Масса
vendor/galaxy-explorer/src/codex/codexData.js	392	≈ 4 млн солнц
vendor/galaxy-explorer/src/codex/codexData.js	393	Гигантская вращающаяся чёрная дыра с ярким тонким диском — та самая Гаргантюа из «Интерстеллара».
vendor/galaxy-explorer/src/codex/codexData.js	393	вращающаяся ЧД
vendor/galaxy-explorer/src/codex/codexData.js	393	Рядом
vendor/galaxy-explorer/src/codex/codexData.js	393	«Эндюранс»
vendor/galaxy-explorer/src/codex/codexData.js	394	Наша родная система: восемь планет вокруг жёлтого карлика, колыбель Человечества.
vendor/galaxy-explorer/src/codex/codexData.js	394	Звезда
vendor/galaxy-explorer/src/codex/codexData.js	394	жёлтый карлик
vendor/galaxy-explorer/src/codex/codexData.js	394	Планет
vendor/galaxy-explorer/src/codex/codexData.js	395	Мёртвая система под карантином: над Эгидой VII завис корабль-трещинник, команда мертва.
vendor/galaxy-explorer/src/codex/codexData.js	395	Статус
vendor/galaxy-explorer/src/codex/codexData.js	395	карантин
vendor/galaxy-explorer/src/codex/codexData.js	395	Угроза
vendor/galaxy-explorer/src/codex/codexData.js	395	некроморфы
vendor/galaxy-explorer/src/codex/codexData.js	396	Сектор, где боевая станция расколола целый мир одним залпом — на память осталось облако щебня.
vendor/galaxy-explorer/src/codex/codexData.js	396	Событие
vendor/galaxy-explorer/src/codex/codexData.js	396	уничтожение Альдераана
vendor/galaxy-explorer/src/codex/codexData.js	397	Мир двух солнц: под сдвоенным светом лежит пустынный Татуин.
vendor/galaxy-explorer/src/codex/codexData.js	397	Звёзд
vendor/galaxy-explorer/src/codex/codexData.js	398	Пустынный предел, где добывают драгоценную пряность, а под песком ходят исполины.
vendor/galaxy-explorer/src/codex/codexData.js	398	Ресурс
vendor/galaxy-explorer/src/codex/codexData.js	398	пряность
vendor/galaxy-explorer/src/codex/codexData.js	399	Спутник газового гиганта, заросший живыми джунглями, — дом народа На’ви.
vendor/galaxy-explorer/src/codex/codexData.js	399	луна-джунгли
vendor/galaxy-explorer/src/codex/codexData.js	400	Промёрзшая планета вечных снегов и ледяных бурь.
vendor/galaxy-explorer/src/codex/codexData.js	400	Климат
vendor/galaxy-explorer/src/codex/codexData.js	400	вечная мерзлота
vendor/galaxy-explorer/src/codex/codexData.js	401	Кольцевая исследовательская станция, вращающаяся ради искусственной гравитации, — «Эндюранс» у Гаргантюа.
vendor/galaxy-explorer/src/codex/codexData.js	401	кольцевая станция
vendor/galaxy-explorer/src/codex/codexData.js	402	Корабль-трещинник, разламывающий планеты ради руды. Команда погибла — на борту некроморфы. (Dead Space)
vendor/galaxy-explorer/src/codex/codexData.js	402	Класс
vendor/galaxy-explorer/src/codex/codexData.js	402	Длина
vendor/galaxy-explorer/src/codex/codexData.js	402	~1,6 км
vendor/galaxy-explorer/src/codex/codexData.js	403	Бронированная боевая станция размером с малую луну; суперлазер раскалывает планету одним залпом.
vendor/galaxy-explorer/src/codex/codexData.js	403	боевая станция
vendor/galaxy-explorer/src/codex/codexData.js	403	Размер
vendor/galaxy-explorer/src/codex/codexData.js	403	~160 км
vendor/galaxy-explorer/src/codex/codexData.js	404	Частный многоразовый корабль с экипажем на пути к Марсу — капсула-«капля» на разгонном модуле.
vendor/galaxy-explorer/src/codex/codexData.js	404	Экипаж
vendor/galaxy-explorer/src/codex/codexData.js	404	до 4
vendor/galaxy-explorer/src/codex/codexData.js	404	Курс
vendor/galaxy-explorer/src/codex/codexData.js	404	Земля → Марс
vendor/galaxy-explorer/src/codex/codexData.js	405	Голубой мир воды и воздуха — единственный известный дом жизни и разума.
vendor/galaxy-explorer/src/codex/codexData.js	405	Биом
vendor/galaxy-explorer/src/codex/codexData.js	405	земной
vendor/galaxy-explorer/src/codex/codexData.js	406	Ржавая пустынная планета, ближайшая цель первой межпланетной экспедиции Человечества.
vendor/galaxy-explorer/src/codex/codexData.js	406	пустыня
vendor/galaxy-explorer/src/codex/codexData.js	406	Спутников
vendor/galaxy-explorer/src/codex/codexData.js	407	Мирная планета, уничтоженная боевой станцией одним залпом, — теперь поле обломков.
vendor/galaxy-explorer/src/codex/codexData.js	407	уничтожена
vendor/galaxy-explorer/src/codex/codexData.js	408	Мёртвый шахтёрский мир: из его недр подняли Красный Обелиск, после чего колония сошла с ума.
vendor/galaxy-explorer/src/codex/codexData.js	408	мёртв
vendor/galaxy-explorer/src/codex/codexData.js	408	Над ним
vendor/galaxy-explorer/src/codex/codexData.js	409	Промёрзший мир, хранящий Знаки исчезнувшей расы зодчих.
vendor/galaxy-explorer/src/codex/codexData.js	409	лёд
vendor/galaxy-explorer/src/codex/codexData.js	410	Пустынная планета под двумя солнцами — родина не одного героя.
vendor/galaxy-explorer/src/codex/codexData.js	411	Пустынный мир пряности и песчаных исполинов, дом Фрименов.
vendor/galaxy-explorer/src/codex/codexData.js	412	Живая луна-джунгли газового гиганта, дом народа На’ви.
vendor/galaxy-explorer/src/codex/codexData.js	412	джунгли
vendor/galaxy-explorer/src/codex/codexData.js	413	Планета вечных снегов и ледяных бурь.
vendor/galaxy-explorer/src/codex/codexData.js	415	Первая общая верфь галактики над родным миром аэларов: здесь сваркой подписали Договор.
vendor/galaxy-explorer/src/codex/codexData.js	415	Фракция
vendor/galaxy-explorer/src/codex/codexData.js	415	Альянс
vendor/galaxy-explorer/src/codex/codexData.js	415	Флагман
vendor/galaxy-explorer/src/codex/codexData.js	415	«Тихая Гавань»
vendor/galaxy-explorer/src/codex/codexData.js	416	Поле обломков расколотого Хешта и тронная Наковальня — рана, вокруг которой построена Империя.
vendor/galaxy-explorer/src/codex/codexData.js	416	Империя Пепла
vendor/galaxy-explorer/src/codex/codexData.js	416	«Тризна»
vendor/galaxy-explorer/src/codex/codexData.js	417	Прародина-сад, океан-питомник и пастбища полипов; все имена здесь дали чужие картографы.
vendor/galaxy-explorer/src/codex/codexData.js	417	Рой
vendor/galaxy-explorer/src/codex/codexData.js	417	«Исполин»
vendor/galaxy-explorer/src/codex/codexData.js	418	Нулевой меридиан всех маршрутов галактики: эталонные часы Прайма заверяют сделки половины флотов.
vendor/galaxy-explorer/src/codex/codexData.js	418	Синдикат
vendor/galaxy-explorer/src/codex/codexData.js	418	«Контрольный пакет»
vendor/galaxy-explorer/src/codex/codexData.js	419	Старейший вольный порт галактики: толчея бортов у Толстяка и доки, где плиты не гаснут.
vendor/galaxy-explorer/src/codex/codexData.js	419	Картель
vendor/galaxy-explorer/src/codex/codexData.js	419	«Мамаша»
vendor/galaxy-explorer/src/codex/codexData.js	420	Система, которую все карты помечают одинаково: не мешать. Города выметены, сад поливают — хозяев не видно.
vendor/galaxy-explorer/src/codex/codexData.js	420	«Тот, Кто Остался»
vendor/galaxy-explorer/src/codex/codexData.js	421	Родной мир аэларов: города вдоль побережий, кольцевой хаб-верфь над экватором и старые песни в ритме работы.
vendor/galaxy-explorer/src/codex/codexData.js	422	Расколотый родной мир хештов — святыня и рана; сюда приходят молчать, заглушив двигатель.
vendor/galaxy-explorer/src/codex/codexData.js	422	уничтожен
vendor/galaxy-explorer/src/codex/codexData.js	422	Память
vendor/galaxy-explorer/src/codex/codexData.js	422	осколки в килях кораблей
vendor/galaxy-explorer/src/codex/codexData.js	423	Тронный мир Империи: чёрные города-арсеналы и небо, в котором всегда виден расколотый Хешт.
vendor/galaxy-explorer/src/codex/codexData.js	423	скальный
vendor/galaxy-explorer/src/codex/codexData.js	424	Мир-сад без единого огня городов: города здесь не строят, здесь растут.
vendor/galaxy-explorer/src/codex/codexData.js	425	Мир-штаб под стеклом: от его нулевого меридиана отсчитываются маршруты и время половины галактики.
vendor/galaxy-explorer/src/codex/codexData.js	425	город
vendor/galaxy-explorer/src/codex/codexData.js	425	Владелец
vendor/galaxy-explorer/src/codex/codexData.js	425	Синдикат «Меридиан»
vendor/galaxy-explorer/src/codex/codexData.js	426	Полосатый гигант, кормящий половину Картеля: газосборщики, доки и очередь, которую уважают больше законов.
vendor/galaxy-explorer/src/codex/codexData.js	426	газовый гигант
vendor/galaxy-explorer/src/codex/codexData.js	426	Роль
vendor/galaxy-explorer/src/codex/codexData.js	426	главный порт
vendor/galaxy-explorer/src/codex/codexData.js	427	Древний мир, чьи города с орбиты читаются как строки текста; единственный сад поливают до сих пор.
vendor/galaxy-explorer/src/codex/codexData.js	457	Нагрузка
vendor/galaxy-explorer/src/codex/codexData.js	457	Вооружение
vendor/galaxy-explorer/src/codex/codexData.js	458	Назначение
vendor/galaxy-explorer/src/codex/codexData.js	458	${role.lengthM} м
vendor/galaxy-explorer/src/codex/codexData.js	461	Флот
vendor/galaxy-explorer/src/codex/codexData.js	469	Имя
vendor/galaxy-explorer/src/codex/codexData.js	473	Особенность
vendor/galaxy-explorer/src/codex/codexData.js	482	Кольцевой хаб над родным миром цивилизации — её орбитальная столица.
vendor/galaxy-explorer/src/codex/codexData.js	483	Колониальный аванпост: скромная орбитальная станция над колонией.
vendor/galaxy-explorer/src/codex/codexData.js	484	Газосборщик — скиммер, черпающий топливо из атмосферы газового гиганта.
vendor/galaxy-explorer/src/codex/codexData.js	494	Ресурсы
vendor/galaxy-explorer/src/codex/codexData.js	502	Судьба
vendor/galaxy-explorer/src/codex/codexData.js	509	Этот вид ещё не появился в игре — карточка-заглушка. Позже он получит свою историю и родную планету.
vendor/galaxy-explorer/src/codex/codexData.js	510	в разработке
vendor/galaxy-explorer/src/codex/codexData.js	513	Родной мир
vendor/galaxy-explorer/src/codex/codexData.js	526	Звёздная система, нанесённая на карту в этой галактике.
vendor/galaxy-explorer/src/codex/codexUI.js	32	Расы
vendor/galaxy-explorer/src/codex/codexUI.js	34	Фракции
vendor/galaxy-explorer/src/codex/codexUI.js	153	<div class="codex-card" role="dialog" aria-label="Кодекс">
vendor/galaxy-explorer/src/codex/codexUI.js	154	<button type="button" class="codex-close" aria-label="Закрыть">×</button>
vendor/galaxy-explorer/src/codex/codexUI.js	154	Закрыть
vendor/galaxy-explorer/src/codex/codexUI.js	155	<div class="codex-title">Кодекс</div>
vendor/galaxy-explorer/src/codex/codexUI.js	204	<div class="codex-detail-card" role="dialog" aria-label="Находка">
vendor/galaxy-explorer/src/codex/codexUI.js	204	Находка
vendor/galaxy-explorer/src/codex/codexUI.js	205	<button type="button" class="codex-detail-close" aria-label="Закрыть">×</button>
vendor/galaxy-explorer/src/codex/codexUI.js	236	В этой галактике: <b>${found}</b> / ${total}
vendor/galaxy-explorer/src/codex/codexUI.js	241	Найдено <b>${found}</b> / ${total}
vendor/galaxy-explorer/src/codex/codexUI.js	278	Пока ничего не найдено. Заходите в системы, чтобы наносить их на карту.
vendor/galaxy-explorer/src/codex/codexUI.js	330	★ ${f.capitalName} · раса: ${f.raceName} · флагман: «${f.flagshipName}»
vendor/galaxy-explorer/src/codex/codexUI.js	340	Строения
vendor/galaxy-explorer/src/codex/codexUI.js	346	Хроника
vendor/galaxy-explorer/src/codex/codexUI.js	372	Посетите столицу — ★ ${f.capitalName} — чтобы открыть хронику фракции.
vendor/galaxy-explorer/src/codex/codexUI.js	424	скоро
vendor/galaxy-explorer/src/codex/codexUI.js	552	Рассмотреть
vendor/galaxy-explorer/src/codex/codexUI.js	555	Перейти к объекту
vendor/galaxy-explorer/src/codex/fleetLore.js	8	Тихая Гавань
vendor/galaxy-explorer/src/codex/fleetLore.js	9	Двухкорпусный авианосец, головной корабль класса «Гавань»: два корпуса, соединённые доковым пролётом, куда помещается и звено истребителей, и повреждённый корвет целиком.
vendor/galaxy-explorer/src/codex/fleetLore.js	11	«Тихую Гавань» собрали из двух недостроенных корпусов, брошенных войной на разбитых стапелях, — и доковый пролёт между ними стал общим цехом уцелевших ещё до того, как корабль научился летать. Вражеских флагманов на её счету нет; зато на переборке пролёта выбиты имена экипажей, снятых с обречённых кораблей на рубежах Империи и Роя, — список давно перевалил за шесть тысяч. У навигаторов Альянса есть поговорка: не знаешь, куда идти, — иди к «Гавани».
vendor/galaxy-explorer/src/codex/fleetLore.js	14	Тризна
vendor/galaxy-explorer/src/codex/fleetLore.js	15	Чёрный четырёхсотметровый дредноут с алыми клинками маркировки — флагманский класс Империи Пепла: боевой корабль и поминальный зал под одной бронёй.
vendor/galaxy-explorer/src/codex/fleetLore.js	17	Головная «Тризна» собрана из брони кораблей, погибших при расколе Хешта, а её киль отлит вокруг самого крупного осколка, какой когда-либо поднимали с поля обломков. Вдоль главного коридора выбиты имена — две тысячи человек экипажа каждый день проходят мимо них на вахту. Класс не участвует в парадах: «Тризна» покидает док только тогда, когда Империя уже решила стрелять. За всю её службу это случалось трижды, и все три раза о выходе узнавали раньше, чем об ультиматуме.
vendor/galaxy-explorer/src/codex/fleetLore.js	20	Исполин
vendor/galaxy-explorer/src/codex/fleetLore.js	21	Старейший из выращенных левиафанов Роя: четыреста метров живого хитина, борозды сросшихся рёбер и медленный фиолетовый свет в глубине панциря. Экипажа нет — тварь живёт сама.
vendor/galaxy-explorer/src/codex/fleetLore.js	23	Имя дали скауты Альянса: издали, когда он ведёт стаю вдоль рубежа, его горбатый силуэт заслоняет полнеба, будто с места снялся остров. Слои панциря считают, как годовые кольца, — возраст выходит старше первого контакта. Однажды он прошёл сквозь имперскую блокаду, не сменив курса и не дав ни одного залпа; линия сомкнулась за его кормой, и обе стороны до сих пор спорят, что это было. Единственное, перед чем он свернул, — маршрут Предтеч.
vendor/galaxy-explorer/src/codex/fleetLore.js	26	Контрольный пакет
vendor/galaxy-explorer/src/codex/fleetLore.js	27	Четырёхсотметровый графитовый дредноут-штаб: хищный гранёный корпус, циановые линии от носа до дюз, дремлющие батареи вдоль хребта. Не переговорщик — головной офис, который приходит к вам сам.
vendor/galaxy-explorer/src/codex/fleetLore.js	29	Заложен сразу после Войны Ста Флагов на стапелях верфи, выкупленной у погибшего флота, — Синдикат зовёт это рачительностью. На его борту подписан устав послевоенной монополии маршрутов, и с тех пор каждый пункт того устава исполняется. Выстрелов за кораблём не записано ни одного; тем не менее в дюжине систем его появление на орбите вошло в хроники словом «поглощение».
vendor/galaxy-explorer/src/codex/fleetLore.js	32	Мамаша
vendor/galaxy-explorer/src/codex/fleetLore.js	33	Флагман-матка Вольного Картеля: четыреста метров сшитых воедино чужих корпусов, сорок шлюзов, доки, рынок и две тысячи экипажа. Не столько боевой корабль, сколько летающий порт, который приходит туда, где своего порта нет.
vendor/galaxy-explorer/src/codex/fleetLore.js	35	Её начали варить в последний год Войны Ста Флагов — из кораблей тех, кто ушёл из своих флотов и не мог вернуться. В корпусе различимы плиты шести разных верфей, и ни одну не стали перекрашивать: пусть видно, из чего сделан дом. За века «Мамаша» приняла на борт больше беглецов, чем иные миры — колонистов. Когда в порту говорят «мамка пришла», это значит: всё, теперь есть куда отступать.
vendor/galaxy-explorer/src/codex/fleetLore.js	38	Тот, Кто Остался
vendor/galaxy-explorer/src/codex/fleetLore.js	39	Золотой корабль-руна: монолит-обелиск в кольце парящих осколков, самый большой из кораблей Предтеч. Имя — перевод руны на его борту, сделанный чужими картографами; сами Предтечи не называют его никак — или называют так тихо, что никто не слышал.
vendor/galaxy-explorer/src/codex/fleetLore.js	41	Единственный корабль Предтеч с кольцевым маршрутом: он никуда не идёт — он обходит. В Войну Ста Флагов его линия трижды пересекала фронты, и трижды он прошёл сквозь строй, не открывая огня; строй не восстановился ни разу. Аэларские навигаторы переводят руну на его борту тремя словами, а о четвёртом спорят третье столетие. Раз в сорок один год он приходит к газосборщику у гиганта — хотя его дюзы, насколько помнят наблюдатели, не гасли никогда.
vendor/galaxy-explorer/src/codex/fleetLore.js	53	Альянс Свободных Верфей — договор уцелевших после Флагопада: десятки непохожих народов без трона, но с общими верфями, общим флотом и одним обещанием на сотне языков — больше никого не потерять.
vendor/galaxy-explorer/src/codex/fleetLore.js	56	Перекличка мертвецов
vendor/galaxy-explorer/src/codex/fleetLore.js	58	Старики на стапелях не говорят «Война Ста Флагов». Говорят — Флагопад. До неё каждый народ летал под собственным знаменем; хроники тех лет читаются как перекличка мертвецов. Победителя не назвал никто. Когда пепел осел, знамён осталось шесть, и одно из них было скорее соглашением, чем знаменем. Разбитые эскадры разных рас, слишком слабые поодиночке, состыковали искалеченные доки в одну станцию и договорились: друг с другом — никогда больше.\n\nНа переборке старейшего дока висят сто выцветших полотнищ — флаги народов, которых не стало. Мимо этой стены ходят медленно, даже если опаздывают на вахту.
vendor/galaxy-explorer/src/codex/fleetLore.js	61	Подпись сваркой
vendor/galaxy-explorer/src/codex/fleetLore.js	63	Договор выварили сваркой на переборке старого дока; этот шов не красят уже которое поколение. Совет Стапелей и теперь заседает прямо в доке, а решение считается принятым, когда под ним ложится шов, а не подпись. Общих дел у членов Договора три — верфи, флот и оборона; остальное каждый мир решает дома по своим законам, и ни одна раса не имеет большинства.\n\nСистема оранжевого карлика зовётся Первой Верфью. Её синий маяк виден раньше самой станции; ниже по орбитам лежат родной мир аэларов Аэла, мир-доки Стапель и топливный гигант Балласт с тремя лунами. Здесь же несёт вахту флагман — авианосец «Тихая Гавань». Столицей Первую Верфь никто не объявлял, но любой маршрут Альянса рано или поздно приводит сюда на ремонт.
vendor/galaxy-explorer/src/codex/fleetLore.js	66	Спайка
vendor/galaxy-explorer/src/codex/fleetLore.js	68	Верфь Альянса — город: доки размером с каньон, рынки в рёбрах шпангоутов, кварталы с разным воздухом и разной тяжестью. Общий язык зовут спайкой — палубный говор из обрезков сотни наречий, где «домой» и «в док» — одно слово. Коридоры нарочно разной высоты: экипаж не бывает одного роста.\n\nОбычаи стары и просты. Первый шов нового корабля варит самый молодой в экипаже; кривой, дрожащий, он остаётся навсегда. Имена погибших выбивают на несущих балках — мёртвые продолжают держать корпус. По вечерам на рыночном ярусе поют аэларскую колыбельную о саде; последний её куплет аэлары не переводят никому, а в их звёздных атласах есть сектор без единой пометки. На краю дальнего рукава шумит радиоэфиром молодой мир с синими океанами, чьи жители похожи на аэларов. О нём аэлары молчат, и на верфях привыкли не спрашивать.
vendor/galaxy-explorer/src/codex/fleetLore.js	71	Соседи по рукаву
vendor/galaxy-explorer/src/codex/fleetLore.js	73	С Империей Пепла Альянс держит заслоны на всех маршрутах: её «больше никогда» здесь понимают лучше, чем сама Империя думает, и дальше её не пропустят. Рой не переспоришь; скауты выучивают, куда идёт прилив, и Альянс не строит у него на пути. Синдикату платят за маршруты, проверяют каждую накладную и помнят, что монополия — тоже осада. На Картель смотрят сквозь пальцы: контрабандисты знают тихие тропы лучше скаутов, и лучшие из них однажды оказываются на палубе уже в форме. К руинам Предтеч подходят с непокрытой головой и никогда не разбирают их на металл.\n\nЧужаку на верфи нальют, найдут койку и подберут воздух по вкусу. Одного здесь не прощают — брошенного экипажа.
vendor/galaxy-explorer/src/codex/fleetLore.js	76	Кривой шов «Ласточки»
vendor/galaxy-explorer/src/codex/fleetLore.js	78	На Первой Верфи любят историю корвета «Ласточка». Её первый шов варила аэларка шестнадцати лет; вышел кривым, как положено. Двадцать лет спустя «Ласточка» поймала обломок в скулу у границы Роя и треснула по трём швам — кривой выдержал, и по нему экипаж загерметизировал отсек. Корвет давно списан, а кусок той переборки вделан в пол зала Совета Стапелей; новички наступают на него на удачу.\n\nДругой случай рассказывают тише. В год большого роста Роя грузовой караван Империи потерял ход в спорном секторе. Заслон Альянса снял с него четыреста хештов и довёз до имперского поста. Благодарности не последовало, зато имперские капитаны в том секторе с тех пор первыми глушат орудия.
vendor/galaxy-explorer/src/codex/fleetLore.js	84	Хешты — народ, потерявший родную планету в последние годы Войны Ста Флагов и оставшийся жить среди её обломков. Их государство собрано вокруг одной клятвы — больше никогда не быть уязвимыми: чёрный флот в государственном трауре, гражданство через службу, память как устав.
vendor/galaxy-explorer/src/codex/fleetLore.js	87	Пустая страница
vendor/galaxy-explorer/src/codex/fleetLore.js	89	В имперских хрониках Войне Ста Флагов отведено немного места, и одна страница оставлена пустой. День, когда раскололи Хешт, не описан: вместо рассказа там список имён, и архивисты пополняют его до сих пор.\n\nДо войны хешты строили по общим чертежам, торговали, спорили о маршрутах. Во Флагопад выбирали сторону, потом другую, потом дрались за себя; к концу стреляли все и по всем. Кто ударил по планете, хроники не называют: Империя отказалась назначать виновного задним числом. Вывод она сделала страшнее любой мести: слабых добивают, под любым флагом.\n\nУцелевшие уходили на грузовиках, танкерах, недостроенных корпусах со стапелей. Осесть на чужих мирах предлагали многие; они остались в своей системе, среди обломков, и начали строить. «Пеплом» их прозвали в насмешку; хешты имя не сменили.
vendor/galaxy-explorer/src/codex/fleetLore.js	92	Пепел в перчатке
vendor/galaxy-explorer/src/codex/fleetLore.js	94	Новобранцу перед присягой насыпают в перчатку щепоть пепла с Хешта. Слова каждый выбирает сам; сжатый кулак обязателен. О троне в присяге ни слова.\n\nГражданство даёт только служба, и стоять на боевой палубе может только хешт. Народы присоединённых миров — подданные: налоги объявлены заранее, законы исполняются, имперский гарнизон умирает за их города так же, как за свои. Империя зовёт это честностью. Голоса в делах флота у подданного нет и у его детей не будет.\n\nЧёрный здесь — цвет службы, траур — государственный. Поминальный зал есть на каждом корабле крупнее корвета. Императора коронуют без короны: на плечи кладут мантию из вымпелов кораблей, погибших при расколе. В День Раскола не взлетает ничего, кроме дежурных патрулей.
vendor/galaxy-explorer/src/codex/fleetLore.js	97	Небо, в котором всегда виден Хешт
vendor/galaxy-explorer/src/codex/fleetLore.js	99	Свет Зольного Престола — белой звезды класса A — холодный, без тёплых теней, как в операционной.\n\nХешт, родной мир, теперь — медленное поле обломков. На обломки не садятся: паломнический корабль глушит двигатель на границе поля и дрейфует, сколько выдержит экипаж. С Хешта берут только осколки для килей; их вваривают первыми, до всякой стали.\n\nНаковальня — тронный мир: чёрные города-арсеналы, вкопанные в скальные хребты, и небо, где всегда виден Хешт. Первый урок астрономии идёт в темноте: учитель открывает купол и молчит, пока каждый сам не найдёт обломки. На ледяном рубеже системы несёт вахту Бдение: смену там сдают двумя словами — «Хешт помнит» — и принимают одним: «И я».
vendor/galaxy-explorer/src/codex/fleetLore.js	102	Пять соседей и одна уступленная дорога
vendor/galaxy-explorer/src/codex/fleetLore.js	104	Граница с Альянсом Свободных Верфей — самая тихая и самая укреплённая: в их клятве «не потеряем» Империя видит зеркало собственной и не верит их договору. Роя боится вслух, единственного из всех, и против него держит отдельный флот. Синдикату «Меридиан» она помнит, кто финансировал обе стороны Флагопада: торгует по выверенным до буквы контрактам и в долг не берёт. Вольный Картель в уставах значится дезертирами, хотя интенданты покупают в его портах то, о чём не пишут в отчётах. Кораблям Предтеч устав предписывает уступать маршрут — единственный случай, когда Империя уступает дорогу первой.\n\nС чужаками Империя честна на свой лад: слово держит буквально и того же требует. Она не хочет галактику — она хочет, чтобы до неё больше никогда не дотянулись.
vendor/galaxy-explorer/src/codex/fleetLore.js	107	Имя, которое перестали произносить
vendor/galaxy-explorer/src/codex/fleetLore.js	109	Про капитана, бросившего лайнер с колонистами, ни в одном архиве нет приговора. Его имя перестали произносить — во флоте, в списках, в собственной семье. Хешты считают это самой тяжёлой из своих казней: лайнер на четыре тысячи спальных мест для них священный корабль, память об эвакуации на всём, что держало воздух.\n\nВторую историю рассказывают интенданты. Квартирмейстер на Бдении взял у Синдиката короткий заём — торопился достроить склад. Когда это вскрылось, Империя погасила долг за один день, а склад разобрала и собрала заново, из своего металла. Квартирмейстера не разжаловали; он прослужил на Бдении ещё двадцать лет.
vendor/galaxy-explorer/src/codex/fleetLore.js	115	Рой — стая исполинских выращенных тварей, кочующая между звёзд: живые левиафаны без экипажей и капитанов, стая без королевы и границ. Для остальных пяти флотов он скорее прилив, чем противник.
vendor/galaxy-explorer/src/codex/fleetLore.js	118	Записано как погода
vendor/galaxy-explorer/src/codex/fleetLore.js	120	В первых атласах Рой значится погодным явлением. В годы Войны Ста Флагов метеослужбы пограничных миров вносили в журналы слово «прилив» — им было не до ксенологии, сотни флотов жгли друг друга по всему рукаву. Поправку в атласы потом так и не внесли: отчасти из суеверия, отчасти потому, что она была бы неточной.\n\nВ самой войне Рой не участвовал. Никто не трогал его лёжбища, а флагов он не различает. Когда шесть уцелевших флотов пересчитали мертвецов, край рукава уже светился лиловым. Обломки сражений стали ему рифом: над старыми полями боёв сегодня снова ходят твари, чьи имена — из перекличек погибших: обросшие наростом, с тёплыми боками. Хроникёры Альянса до сих пор спорят, осквернение это или воскрешение.
vendor/galaxy-explorer/src/codex/fleetLore.js	123	Как зреет решение
vendor/galaxy-explorer/src/codex/fleetLore.js	125	Королеву искали полвека. Ксенологи шести флотов вскрывали мёртвые панцири и вели переписи стай — и в конце концов признали, что искали то, что привыкли находить у себя. Трона в Рое нет, совета тоже; даже «Исполин», старший левиафан стаи, никому ничего не приказывает. Решение вызревает: химический сговор неделями расходится по стае спорами и волнами фиолетового света, долго ничего не происходит, а потом происходит всё сразу и уже необратимо.\n\nРаненую тварь стягивают, как рану на боку большого зверя: через неделю под коркой новый хитин, через месяц новый борт, чуть темнее прежнего; возраст здесь считают по оттенкам шрамов. Малёк, нашедший важное, распадается спорами прямо на месте находки — через год в том секторе уже поднимается прилив.
vendor/galaxy-explorer/src/codex/fleetLore.js	128	Три мира у жёлтого карлика
vendor/galaxy-explorer/src/codex/fleetLore.js	130	«Первый Сад» — имя чужое, сам Рой не называет ничего. Картографы нашли систему через десятилетия после первого контакта: шли по течениям спор против потока, как ищут исток реки. Тёплый жёлтый карлик и три мира при деле — прародина под джунглями от полюса до полюса, с выращенным кольцом-ульем на орбите; океанский Питомник, где в тёплых отмелях зреют молодые кили и по ночам светится вода; газовый гигант, в верхних облаках которого пасутся стада полипов.\n\nСтарые твари уходят умирать в океан Питомника. Панцирь ложится на дно рифом, на рифе поднимаются новые кили. Старейшие панцири кольца-улья старше Флагопада; что было до них, никто не знает.
vendor/galaxy-explorer/src/codex/fleetLore.js	133	Рубеж и соседство
vendor/galaxy-explorer/src/codex/fleetLore.js	135	Альянс держит против прилива рубеж. Рой не знает, что рубеж существует; потери несут обе стороны, считает их одна. Империя Пепла жжёт лёжбища — на Хелте после выжигания оставили патруль, и через семь лет наросты вернулись, начав с корпусов самих патрульных кораблей. Синдикат трижды присылал переговорщиков; все вернулись невредимыми и неуслышанными, а в отчёте «Меридиана» осталась строка: «Контрагент не обнаружен. Контрагент повсюду». С тех пор Синдикат торгует картами фронтов прилива — лучшим товаром на краю рукава.\n\nБлиже всех Картель. Его семьи поколениями живут в складках панцирей больших тварей, знают ритмы стаи и ходят сквозь прилив там, где чужие теряют эскадры. Разрешения никто не давал — разрешение здесь вообще не понятие; кит не спрашивает птиц, зачем те садятся ему на спину. И только маршруты Предтеч прилив обходит: доходит до их линий и поворачивает, как вода у стекла. Почему — неизвестно, и все делают из этого выводы.
vendor/galaxy-explorer/src/codex/fleetLore.js	138	Чашки на столах
vendor/galaxy-explorer/src/codex/fleetLore.js	140	Колонисты, бежавшие с Веглы перед приливом, вернулись через десять лет. Дома стояли целые, под коркой наростов; чашки так и остались на столах. Рой оплёл всё и ничего не сломал. Вернувшиеся говорили, что тяжелее всего было привыкнуть к мысли: Рой их попросту не заметил.\n\nБуксир «Стриж», брошенный при той же эвакуации, годы спустя видели в стае: заросший, тёплый, с работающими дюзами. А пограничный маяк Альянса на рубеже цел и поныне — он честно мигает «граница здесь» изнутри улья, обросший наростами. Границу никто не пересекал. Её нанесло приливом.
vendor/galaxy-explorer/src/codex/fleetLore.js	146	Синдикат «Меридиан» — корпорация старше многих государств: гражданство здесь оформляется пакетом акций, армию заменяет юридический отдел, а власть держится на монополии на маршруты, по которым летает всё, что летает.
vendor/galaxy-explorer/src/codex/fleetLore.js	149	Отчёт о сделках за период
vendor/galaxy-explorer/src/codex/fleetLore.js	151	В архиве Прайма Война Ста Флагов занимает один документ — «Отчёт о сделках за период». Кредиты обеим сторонам сведены в две колонки, итог подсвечен циановым. На ту войну Меридиан отправил только счета: страховал оба конвоя одного сражения, кредитовал всех, у кого хватало залога, а когда флоты сгорали, скупал долги, верфи и маршруты по цене металлолома.\n\nИз сотен флагов уцелело шесть, и победителя война не назвала — так записано во всех хрониках. В хронике Синдиката к этой строке есть примечание мелким шрифтом: победителя не было среди воевавших. Кто-то должен был свести баланс мёртвых; Синдикат свёл, взял комиссию, и с той поры монополия на маршруты входит в само его определение.
vendor/galaxy-explorer/src/codex/fleetLore.js	154	Цена одной акции
vendor/galaxy-explorer/src/codex/fleetLore.js	156	Гражданство здесь продаётся пакетами — от гостевого опциона на год до голосующего. Ребёнок, рождённый на Прайме, получает от корпорации одну акцию; к совершеннолетию сам решает, докупать ли остальное. Большинство докупает. За соседними столами сидят аэлар, потомок имперских беженцев и существо, чьё имя не берёт переводчик: обычаи рас проходят по бумагам как «корпоративная культура подразделения».\n\nАрмии в привычном смысле корпорация не держит. Строка расходов юридического отдела превышает флотскую, и эмбарго Меридиана разоряли миры, не нарушив ни одного подписанного пункта. Единственное преступление, которому здесь нет цены, — нарушить договор, под которым стоит подпись самого Синдиката. Такие дела юротдел ведёт против своих так же аккуратно, как против чужих.
vendor/galaxy-explorer/src/codex/fleetLore.js	159	Нулевой меридиан
vendor/galaxy-explorer/src/codex/fleetLore.js	161	Домашняя система — Меридиан-Ноль: белая звезда класса A и три актива на её балансе. Прайм — мир-штаб, сплошной город под стеклом; перевалочное кольцо на его орбите называют нулевым меридианом: отсюда отсчитывают тарифы, расписания и само галактическое время — эталонные часы Прайма заверяют сделки, как нотариус. Актив-2 — добывающий мир, где шахтные города арендуют воздух; над газовым гигантом Резервом висят тёмные газосборщики, и цена дейтерия для полгалактики рождается здесь дважды в сутки.\n\nРаз в год биржа Прайма закрывается на один час. Трауром по войне это никто не называет; в отчётности час проходит как техническое обслуживание. На техническое обслуживание надевают чёрное.
vendor/galaxy-explorer/src/codex/fleetLore.js	164	Реестр контрагентов
vendor/galaxy-explorer/src/codex/fleetLore.js	166	В реестре контрагентов значатся все пять. Альянс Свободных Верфей — «партнёр/конкурент»: крупнейший клиент с привычкой раздавать бесплатно то, что можно продавать; договор о ненападении не подписан — не потребовался, Альянс платит вовремя. Империя Пепла — заёмщик первой категории: кредит на восстановление обслуживается безукоризненно, пункт о пересмотре ставок при расширении вписан в самом конце. Рой не подписывает и проходит по страховому разделу, между вспышками звёзд и гравитационными штормами; взносы в секторах его роста пересчитываются ежеквартально и всегда вверх.\n\nС Вольным Картелем официально ведутся иски, неофициально — подряды: куда нельзя послать чистый борт, летит ржавый, и обе строки в отчётность не попадают. Предтечам Синдикат ни разу не выставил счёт: их маршруты старше монополии, и в графе «владелец» стоит «не наше» — слово, которого нет больше нигде в его документах. Чужака встречают одинаково: белый стол, запатентованный запах озона и белого чая, договор на столе.
vendor/galaxy-explorer/src/codex/fleetLore.js	169	Пункт 14.2
vendor/galaxy-explorer/src/codex/fleetLore.js	171	Контракты Меридиан возит на бумаге: её не глушат помехами и не взламывают. Сорок лет назад курьерский борт с продлением имперского кредита взяли на абордаж у границы Картеля. Курьер сжёг сумку вместе с собой — случай, предусмотренный пунктом 14.2. Копия ушла второй линией, и кредит продлили в срок. Вольный порт, приютивший абордажную команду, через месяц обнаружил, что ни один танкер не принимает его топливо в зачёт, и рассчитался с корпорацией активами.\n\nИстребители Синдиката летают под инвентарными номерами — имён машинам не дают, зато у каждой лучшая страховка в галактике. На Прайме шутят, что номер оплакивать легче.
vendor/galaxy-explorer/src/codex/fleetLore.js	177	Вольный Картель — сеть вольных портов, сваренных из чужого хлама: приют для дезертиров, беженцев и должников, которых никто больше не взял. Закон здесь один — не сдавай своих.
vendor/galaxy-explorer/src/codex/fleetLore.js	180	Развернувшие корабли
vendor/galaxy-explorer/src/codex/fleetLore.js	182	Когда сотни флотов жгли друг друга за верфи и маршруты, в каждой эскадре находились расчёты, отказавшиеся стрелять по жилым кольцам, и экипажи, чьи дома уже сгорели. Их клеймили дезертирами, а беженцев не брал ни один флот: каждый считал их чужими. Тогда беглецы пошли туда, где не было ничего — к тусклому красному карлику на краю рукава, ненужному ни одному из ста флагов.\n\nПервый док сварили из собственных разбитых бортов. Пришёл второй корабль, десятый, сотый — никого не прогнали; каждому нашлись причал и работа. Война кончилась без них: из сотен флотов осталось шесть, победителя не назвали. В Гавани об этом говорят коротко: мы из той войны ушли.
vendor/galaxy-explorer/src/codex/fleetLore.js	185	Плита, которая не гаснет
vendor/galaxy-explorer/src/codex/fleetLore.js	187	В каждом вольном порту горит плита: пришвартовался — ешь, имя спросят потом. Вокруг плиты порт и растёт. К списанному трюму наваривают второй, к ним чей-то мёртвый корвет, переход, рынок — и через двадцать лет уже никто не помнит, где был первый шов.\n\nЗаправляют портом старшие по доку: те, кто дольше всех чинит чужие корабли и меньше всех врёт о ценах. Долг пишут мелом на переборке кают-компании, у всех на виду; стереть запись вправе лишь тот, кому должны. Заплату не красят под цвет корпуса — пусть видно, где корабль болел и кто его лечил. Закон один: не сдавай своих. Выдавшего человека из порта выводят через шлюз, за которым его больше никто не знает. Случается такое редко.
vendor/galaxy-explorer/src/codex/fleetLore.js	190	Очаг у красного карлика
vendor/galaxy-explorer/src/codex/fleetLore.js	192	Столицей Вольную Гавань зовут чужаки; для картельщика это просто самый старый порт, где всё началось. Жизнь тут держится на трёх мирах.\n\nТолстяк, полосатый газовый гигант, кормит Гавань: газосборщики, сотни доков, толчея на подходах; диспетчеров не водится — есть очередь, и её уважают больше законов. Куча — каменный шар под корабельным ломом трёх веков, свалка и верфь разом; тамошние дети читают обломки раньше букв: по ребру шпангоута назовут верфь и год, по ожогу на броне — чем убили. Погреб, ледяной мир на дальней орбите, хранит груз, которого не должно существовать, и людей, которых не должны найти. В системы без своего порта заходит «Мамаша».
vendor/galaxy-explorer/src/codex/fleetLore.js	195	Пять флагов на подходе
vendor/galaxy-explorer/src/codex/fleetLore.js	197	С Альянсом Верфей у Гавани настороженное родство: обе стороны подобрали уцелевших той войны, только Альянс по договору, а Картель по факту. Империя Пепла — худший враг: картельщики для неё укрыватели беглых, и имперский рейд на вольный порт — единственное, от чего в Гавани гаснут плиты. С Роем держатся подальше, хотя сброшенные панцири стоят дорого и отчаянные старатели ходят за ними к краю лёжбищ; возвращаются не все. Синдикат перекрывает маршруты и вешает эмбарго — Картель живёт в щелях между ними, а половина контрабанды Гавани застрахована, по иронии, в конторах Меридиана. Золотой лом Предтеч в доках не режут: обломок ставят у шлюза и больше не трогают.\n\nЧужак же, под каким бы флагом ни летал раньше, становится своим, едва пришвартовался и не сделал подлости.
vendor/galaxy-explorer/src/codex/fleetLore.js	200	Две байки с плиты
vendor/galaxy-explorer/src/codex/fleetLore.js	202	Первую рассказывают о «Рыжей Ласке». Её капитан Мора задолжала механику с Кучи за контур охлаждения, а механик погиб на газосборщике, не успев стереть мел. Снять долг не мог никто, и когда «Ласку» пересобирали после имперской засады, старую переборку с записью вварили в новый корпус целиком. «Ласка» летает с этой записью четвёртый десяток лет.\n\nВторая — о порте Три Ковша, куда Империя пришла за одним пепельным сварщиком. Старший по доку шесть часов торговался с имперским капитаном о пошлинах и праве досмотра, пока танкеры по одному уводили людей через тень газового гиганта. Абордажная партия вошла в пустой порт. Горела только плита: её не гасят даже для Империи.
vendor/galaxy-explorer/src/codex/fleetLore.js	208	Предтечи — то, что осталось от старшей расы галактики: золотые корабли на маршрутах, проложенных до всех войн, пустые прибранные города и тишина, в которой чужаки сами понижают голос.
vendor/galaxy-explorer/src/codex/fleetLore.js	211	Ушедшие до первого выстрела
vendor/galaxy-explorer/src/codex/fleetLore.js	213	Когда грянула Война Ста Флагов, Предтечи уже были воспоминанием. На самых старых картах, какие сохранились у шести уцелевших флотов, их города стоят пустыми, а корабли уже идут по своим линиям. Куда ушёл старший народ и почему оставил свет включённым — не записано нигде.\n\nФлагопад их не задел. Сотни флотов делили галактику, а золотые маршруты за все годы войны не сместились ни на волос; штабы враждующих сторон прокладывали фронты в обход этих линий — молча, без единого договора. Архивы шести флотов расходятся почти во всём. Дословно совпадают полторы строки: «Прошли сквозь строй. Огня не открывали. Строй не восстановился».
vendor/galaxy-explorer/src/codex/fleetLore.js	216	Расписание без цели
vendor/galaxy-explorer/src/codex/fleetLore.js	218	У Предтеч нет законов, послов, границ. Единственное, что можно наблюдать со стороны, — маршруты. Золото-бронзовые корабли с ровно горящими рунами ходят по одним и тем же линиям веками; Синдикат вычислил график до секунды и продаёт его как календарь. Часть линий ведёт к мёртвым мирам, часть — к руинам, у которых корабль стоит ровно сутки и уходит. Один маршрут заканчивается в пустой точке пространства: корабль приходит, ждёт три часа, разворачивается. В самой точке ничего не нашли, хотя проверяли её трижды.\n\nТанкер встречает газосборщик раз в сорок один год, хотя дюзы Предтеч, насколько помнят наблюдатели, не гаснут никогда. Лайнер на четыре тысячи мест идёт с освещёнными окнами, и в окнах никого. Курс эти корабли не меняют ни для кого — встречные рассчитывают свой заранее.
vendor/galaxy-explorer/src/codex/fleetLore.js	221	Дом с невыключенным светом
vendor/galaxy-explorer/src/codex/fleetLore.js	223	Домашнюю систему на картах подписывают по-разному, чаще всего — Чертог Молчания. Старая жёлто-белая звезда, вокруг которой всё стоит на местах, будто хозяин вышел на минуту. Пустынная Скрижаль — мир, чьи улицы читаются с орбиты как строки текста; аэлары уверяют, что за последний век одна улица стала длиннее. Ледяной Архив прячет под льдом хранилища. Их двери не заперты и теплы на ощупь. Именно поэтому внутрь никто не входит.\n\nСамих хозяев видят редко: высокий силуэт в конце улицы, всегда за работой — выметает, поправляет, поливает единственный сад, хотя дождей на Скрижали не было четыре тысячи лет. На приветствие такой силуэт обернётся, наклонит голову, выслушает — и вернётся к делу. Посадка гостям не запрещена. Улетают они сами, раньше, чем собирались, и объяснить это потом не могут.
vendor/galaxy-explorer/src/codex/fleetLore.js	226	Правила соседей
vendor/galaxy-explorer/src/codex/fleetLore.js	228	Каждая из пяти фракций выучила своё правило. В аэларских атласах сектор Предтеч оставлен без единой пометки. На имперских картах экспансии он один подписан «не подлежит», и Пепел не объясняет почему. Прилив Роя обтекает золотые маршруты, как вода обтекает камень. В типовом договоре Синдиката форс-мажор включает «вмешательство Предтеч»; пункт ни разу не применялся, однако юристы отказываются его убирать. Старатели Картеля кормятся с руин на мёртвых мирах и не берут ничего с миров ухоженных — не по закону, а по суеверию, которое в Картеле держится крепче законов.\n\nЧужаков это касается тоже. На вольных портах дети играют: замри, когда мимо идёт золотой корабль. Взрослые их не одёргивают и стоят рядом, пока корабль не пройдёт.
vendor/galaxy-explorer/src/codex/fleetLore.js	231	Шесть часов у шлюза
vendor/galaxy-explorer/src/codex/fleetLore.js	233	Один картельный контрабандист клянётся: когда его посудина замерзала с пробитым реактором у мёртвого мира, лайнер Предтеч сошёл с маршрута и открыл перед ним шлюз. Войти он не решился. Лайнер ждал шесть часов, закрыл шлюз и вернулся на линию. Проверить рассказ нельзя, но бортовой журнал контрабандиста показывает шесть часов стоянки борт о борт.\n\nВторой случай записан официально. Империя Пепла однажды отправила к Чертогу Молчания посольство с требованиями. Корабль вернулся в срок, целым, с полными баками. Из всех положенных докладов посол подал один, длиной в строку: «Требований не осталось».
vendor/galaxy-explorer/src/codex/fleetLore.js	241	Кольцевой хаб Альянса — город, обёрнутый вокруг планеты дугой доков: рынки в рёбрах шпангоутов, школы навигации, кварталы с разным воздухом. Над всем этим — синий маяк, который не гасят даже в бою: пока он горит, кому-то есть куда возвращаться. Затемнить маяк здесь равносильно предательству.
vendor/galaxy-explorer/src/codex/fleetLore.js	243	Аванпост Альянса начинается с госпиталя и дока — стены подождут. Синий огонёк над шлюзом зажигают в первый же день, до имени и до флага на карте. Половина аванпостов Альянса выросла из чьей-то чужой аварийной посадки.
vendor/galaxy-explorer/src/codex/fleetLore.js	245	Газосборщик Альянса — честная работяга-платформа: гудит, качает, раз в смену меняет фильтры и раз в год получает свежий слой краски, который тут же темнеет от газа. Экипажи между собой зовут такие платформы «коровами» — и обижаются, если так их назовёт кто-то чужой. Именно с «коров» начинала добрая треть капитанов флота.
vendor/galaxy-explorer/src/codex/fleetLore.js	248	Кольцевой хаб Империи — крепость, надетая на планету: орудийные ярусы наружу, доки и арсеналы внутрь. В сердце кольца — Стена имён, поминальный зал, куда каждый экипаж заходит перед дальним выходом; список погибших при расколе Хешта всё ещё растёт. Здесь тихо, чисто и нет ни одной вывески — только имена.
vendor/galaxy-explorer/src/codex/fleetLore.js	250	Имперский аванпост строится в неизменном порядке: сначала орудийные точки, потом поминальный зал, и только потом жильё. Чёрные модули с алой маркировкой врастают в грунт, как будто собираются держать осаду с первого дня — потому что собираются. Гарнизон считает аванпост домом со дня, когда в фундамент кладут плиту с осколком Хешта.
vendor/galaxy-explorer/src/codex/fleetLore.js	252	Газосборщик для Империи — стратегический запас: она помнит, что войну проигрывают на пустых баках. Чёрные заправочные бастионы с раскалёнными оранжевыми горловинами работают безостановочно, а их резервуары по уставу никогда не опускаются ниже половины. Вторая половина — «на эвакуацию», и трогать её не смеет даже император.
vendor/galaxy-explorer/src/codex/fleetLore.js	255	Кольцевой хаб Роя — выращенный коралловый обруч вокруг родного мира: изнутри соты, тёплый влажный воздух и запах тёплого ила. Причалов нет — есть живые створы, которые раскрываются навстречу своим и просто не замечают чужих. Корабль, простоявший у кольца слишком долго, начинает обрастать — без злого умысла: улей считает его частью себя.
vendor/galaxy-explorer/src/codex/fleetLore.js	257	Аванпост Роя — икринка: опущенный в новую систему зачаток-улей, мягкий и полупрозрачный, поначалу меньше корвета. Годами он твердеет, темнеет и растёт, пока не станет узлом нового лёжбища. Картографы наносят их пунктиром: сегодняшний размер устареет к следующей сверке.
vendor/galaxy-explorer/src/codex/fleetLore.js	259	Газосборщик Роя сам вырос из стада, которое пасёт: гроздь полипов-пузырей в верхних облаках, среди диких. Наевшись, она тяжелеет, тускнеет и всплывает к орбите — отдавать. Картель клянётся, что сборщики узнают его танкеры и подпускают ближе, чем чужих.
vendor/galaxy-explorer/src/codex/fleetLore.js	262	Кольцевой хаб Синдиката — «нулевой меридиан»: тёмное гранёное колесо стыковочных доков, медленно вращающееся вокруг графитового шпиля с циановой сердцевиной. Внутри — биржа, приёмные и эталонные часы; снаружи — циановые огни причалов, которые прибывший видит раньше, чем таможню. Швартовка бесплатна. Всё после швартовки — нет.
vendor/galaxy-explorer/src/codex/fleetLore.js	264	Колониальный аванпост Синдиката — тёмный гранёный пост с циановым глазом-сенсором и экватором из циановых огней: представительство до последней детали. Внутри — стойка регистрации, превосходный чай и договор в трёх экземплярах; каждый прибывший колонист получает приветственный опцион. Гарнизона нет — есть страховой инспектор, и его отчётов боятся больше пушек.
vendor/galaxy-explorer/src/codex/fleetLore.js	266	Газосборщик Синдиката — тёмная воронка жерлом вниз с циановым жерлом, гранёное тело и резервуары сверху: издали похож на хищную люстру над бурей. По сути это топливная биржа: котировки идут по циановым панелям, и даже здесь есть приёмная с живым цветком. Топливо отгружают только после подписи — без исключений, даже если у клиента горят дюзы.
vendor/galaxy-explorer/src/codex/fleetLore.js	269	Кольцевой хаб Картель варит из того, что приползло само: ожерелье списанных корпусов, сцепленных переходами, с рынком в каждом втором отсеке и плитой, которая не гаснет. Здесь чинят, торгуют, врут о ценах и травят байки до конца смены. Снаружи это выглядит как катастрофа на стапеле; изнутри — как дом.
vendor/galaxy-explorer/src/codex/fleetLore.js	271	Аванпост Картеля начинается со стола и плиты: сперва место, где накормят, потом всё остальное. Пара сваренных вместе трюмов, кривая антенна, оранжевый фонарь у шлюза — и это уже порт, раз здесь готовы принять чужой борт. Гарнизона нет; есть те, кто сегодня дома.
vendor/galaxy-explorer/src/codex/fleetLore.js	273	Газосборщик у гиганта здесь зовут кормильцем: его топливо держит на ходу половину вольного флота. Латаная бочка на длинной штанге, вечно обмёрзшая и вечно гудящая, вокруг которой по очереди пасутся танкеры. Смена на кормильце — самая скучная работа Картеля и самая уважаемая.
vendor/galaxy-explorer/src/codex/fleetLore.js	276	Золотой хаб Предтеч не строился — он стоял здесь на самых старых картах, и ни одна новая не застала его другим. Осколки медленно вращаются вокруг светящегося ядра, удерживаемые тёплым светом; когда приходит чужой корабль, в их строю обнаруживается просвет ровно по его размеру. Доков нет, кранов нет, персонала нет — но уходящие клянутся, что улетели с полными баками.
vendor/galaxy-explorer/src/codex/fleetLore.js	278	Аванпосты Предтеч стоят на мёртвых мирах у руин: формация осколков вокруг золотого стержня, которая начинает светиться, когда кто-то подходит. Старатели Картеля ночуют под ними — там теплее и, как они говорят, «спокойнее спится». Источник тепла не нашёл ни один прибор.
vendor/galaxy-explorer/src/codex/fleetLore.js	280	Газосборщик Предтеч пьёт атмосферу без единого видимого механизма: свет уходит в облака и возвращается тяжелее. Синдикат вычислил его график до секунды и продаёт как календарь. Куда девается собранное, не знает никто — отгрузки не видели ни разу, кроме танкера, приходящего раз в сорок один год.
vendor/galaxy-explorer/src/config.js	9	Низкое (слабый ПК)
vendor/galaxy-explorer/src/config.js	18	Среднее
vendor/galaxy-explorer/src/config.js	27	Высокое
vendor/galaxy-explorer/src/gui.js	14	✦ Галактика
vendor/galaxy-explorer/src/gui.js	19	Палитра
vendor/galaxy-explorer/src/gui.js	26	Качество
vendor/galaxy-explorer/src/gui.js	28	Сид
vendor/galaxy-explorer/src/gui.js	36	🎲 Новый сид
vendor/galaxy-explorer/src/gui.js	44	✦ Открыть все системы
vendor/galaxy-explorer/src/gui.js	47	Форма
vendor/galaxy-explorer/src/gui.js	48	Звёзды
vendor/galaxy-explorer/src/gui.js	49	Рукава
vendor/galaxy-explorer/src/gui.js	50	Закрутка
vendor/galaxy-explorer/src/gui.js	51	Толщина рукавов
vendor/galaxy-explorer/src/gui.js	52	Разброс
vendor/galaxy-explorer/src/gui.js	53	Сжатие рукавов
vendor/galaxy-explorer/src/gui.js	54	Размер ядра
vendor/galaxy-explorer/src/gui.js	55	Плотность ядра
vendor/galaxy-explorer/src/gui.js	56	Толщина диска
vendor/galaxy-explorer/src/gui.js	60	Солнца
vendor/galaxy-explorer/src/gui.js	61	Количество
vendor/galaxy-explorer/src/gui.js	69	Доля реальных
vendor/galaxy-explorer/src/gui.js	71	Метки
vendor/galaxy-explorer/src/gui.js	82	🛰 Случайная система
vendor/galaxy-explorer/src/gui.js	86	Движение
vendor/galaxy-explorer/src/gui.js	87	Скорость вращения
vendor/galaxy-explorer/src/gui.js	88	Дифф. вращение
vendor/galaxy-explorer/src/gui.js	89	Мерцание
vendor/galaxy-explorer/src/gui.js	90	Вращение камеры
vendor/galaxy-explorer/src/gui.js	93	Свет и туманность
vendor/galaxy-explorer/src/gui.js	94	Яркость
vendor/galaxy-explorer/src/gui.js	95	Размер звёзд
vendor/galaxy-explorer/src/gui.js	96	Туманность
vendor/galaxy-explorer/src/gui.js	97	Плотность газа
vendor/galaxy-explorer/src/gui.js	102	Звук
vendor/galaxy-explorer/src/gui.js	103	Интерфейс
vendor/galaxy-explorer/src/gui.js	111	Бюджет
vendor/galaxy-explorer/src/gui.js	112	Вызовы отрисовки
vendor/galaxy-explorer/src/gui.js	113	Треугольники
vendor/galaxy-explorer/src/main.js	42	Лавовая
vendor/galaxy-explorer/src/main.js	43	Каменистая
vendor/galaxy-explorer/src/main.js	44	Пустынная
vendor/galaxy-explorer/src/main.js	45	Земного типа
vendor/galaxy-explorer/src/main.js	46	Океаническая
vendor/galaxy-explorer/src/main.js	47	Ледяная
vendor/galaxy-explorer/src/main.js	153	Правила генерации миров обновились — вселенная пересобрана заново, карта исследований начата с чистого листа.
vendor/galaxy-explorer/src/main.js	222	Вращение карты
vendor/galaxy-explorer/src/main.js	259	Остановить вращение карты
vendor/galaxy-explorer/src/main.js	259	Вращать карту
vendor/galaxy-explorer/src/main.js	269	Управление
vendor/galaxy-explorer/src/main.js	279	Мышь
vendor/galaxy-explorer/src/main.js	280	Колесо
vendor/galaxy-explorer/src/main.js	280	приблизиться к курсору
vendor/galaxy-explorer/src/main.js	281	Зажать ЛКМ
vendor/galaxy-explorer/src/main.js	281	повернуть / облёт
vendor/galaxy-explorer/src/main.js	282	Клик
vendor/galaxy-explorer/src/main.js	282	войти в систему · выбрать объект (метки тоже кликаются)
vendor/galaxy-explorer/src/main.js	283	Клавиатура
vendor/galaxy-explorer/src/main.js	284	Стрелки / WASD
vendor/galaxy-explorer/src/main.js	284	обзор
vendor/galaxy-explorer/src/main.js	285	зум
vendor/galaxy-explorer/src/main.js	286	вращение карты
vendor/galaxy-explorer/src/main.js	287	кинопоказ
vendor/galaxy-explorer/src/main.js	288	музыка
vendor/galaxy-explorer/src/main.js	289	Пробел
vendor/galaxy-explorer/src/main.js	289	из планеты — к системе
vendor/galaxy-explorer/src/main.js	290	шаг назад
vendor/galaxy-explorer/src/main.js	291	Ещё
vendor/galaxy-explorer/src/main.js	292	коллекция находок — вкладка у левого края
vendor/galaxy-explorer/src/main.js	295	<h4>Управление</h4>
vendor/galaxy-explorer/src/main.js	335	Кинопоказ — авто-облёт миров
vendor/galaxy-explorer/src/main.js	336	Кинопоказ
vendor/galaxy-explorer/src/main.js	349	Кинопоказ · любое действие — выход
vendor/galaxy-explorer/src/main.js	485	Станция · экспедиция
vendor/galaxy-explorer/src/main.js	487	Вращающаяся станция-кольцо: искусственную тяжесть ей даёт само вращение обода. Горстка людей на ней ищет человечеству новый дом — у самого края чёрной дыры, где время течёт иначе.
vendor/galaxy-explorer/src/main.js	490	экспедиция
vendor/galaxy-explorer/src/main.js	491	Тяжесть
vendor/galaxy-explorer/src/main.js	491	от вращения обода
vendor/galaxy-explorer/src/main.js	492	к мирам за горизонтом событий
vendor/galaxy-explorer/src/main.js	1108	нажмите, чтобы приблизиться →
vendor/galaxy-explorer/src/main.js	1111	Объект
vendor/galaxy-explorer/src/main.js	1112	нажмите для информации →
vendor/galaxy-explorer/src/main.js	1411	Корабль · добыча
vendor/galaxy-explorer/src/main.js	1413	Корабль-трещинник, разламывающий планеты ради руды. Сейчас он завис над Эгидой VII — именно из недр этой планеты подняли Красный Обелиск, после чего колония и сошла с ума. (Dead Space)
vendor/galaxy-explorer/src/main.js	1417	Захваты
vendor/galaxy-explorer/src/main.js	1417	52 гравитационных троса
vendor/galaxy-explorer/src/main.js	1418	Команда
vendor/galaxy-explorer/src/main.js	1418	погибла — некроморфы
vendor/galaxy-explorer/src/main.js	1432	Боевая станция · Империя
vendor/galaxy-explorer/src/main.js	1434	Бронированная боевая станция размером с малую луну. По её броне тянется глубокий экваториальный ров, а на верхней полусфере зияет вогнутая чаша главного орудия: его зелёный суперлазер способен расколоть планету одним залпом — что и случилось с Альдерааном.
vendor/galaxy-explorer/src/main.js	1437	с малую луну (~160 км)
vendor/galaxy-explorer/src/main.js	1438	Орудие
vendor/galaxy-explorer/src/main.js	1438	суперлазер — раскалывает планеты
vendor/galaxy-explorer/src/main.js	1439	клиновидные разрушители
vendor/galaxy-explorer/src/main.js	1453	Корабль · экспедиция
vendor/galaxy-explorer/src/main.js	1455	Частный многоразовый корабль с экипажем на пути к Марсу. Капсула-«капля» с тепловым щитом сидит на разгонном модуле с солнечными крыльями; внутри — несколько человек и припасы на долгий перелёт.
vendor/galaxy-explorer/src/main.js	1457	пилотируемая капсула
vendor/galaxy-explorer/src/main.js	1458	до 4 человек
vendor/galaxy-explorer/src/main.js	1460	Двигатели
vendor/galaxy-explorer/src/main.js	1460	SuperDraco + разгонный модуль
vendor/galaxy-explorer/src/onboarding/onboarding.js	198	<button type="button" class="onboard-skip">Пропустить обучение</button>
vendor/galaxy-explorer/src/onboarding/onboarding.js	219	Первый полёт · шаг ${this.index + 1} из ${this.steps.length}
vendor/galaxy-explorer/src/onboarding/onboarding.js	227	Показать дом
vendor/galaxy-explorer/src/onboarding/onboarding.js	231	Дальше
vendor/galaxy-explorer/src/onboarding/steps.js	26	Добро пожаловать, картограф
vendor/galaxy-explorer/src/onboarding/steps.js	27	Перед тобой — целая галактика, выращенная из одного зерна. Короткий первый полёт — и она твоя.
vendor/galaxy-explorer/src/onboarding/steps.js	29	Начать
vendor/galaxy-explorer/src/onboarding/steps.js	33	Зажми левую кнопку мыши и поверни галактику.
vendor/galaxy-explorer/src/onboarding/steps.js	38	Колесо мыши приближает к месту под курсором. Клавиши Q и E — тоже зум.
vendor/galaxy-explorer/src/onboarding/steps.js	43	Среди тысяч звёзд есть наш дом. Нажми «Показать дом», затем кликни по пульсирующему маркеру, чтобы войти.
vendor/galaxy-explorer/src/onboarding/steps.js	50	Это Солнечная система. Слева — досье: звезда, возраст, история. Планеты подписаны прямо на орбитах.
vendor/galaxy-explorer/src/onboarding/steps.js	56	Кликни по Земле — рассмотрим её поближе.
vendor/galaxy-explorer/src/onboarding/steps.js	62	Земля записана в твой Кодекс. Теперь вернись к галактике: Esc делает шаг назад — нажми его дважды.
vendor/galaxy-explorer/src/onboarding/steps.js	67	Кодекс — вкладка у левого края: всё, что ты находишь, остаётся в нём навсегда. Загляни — Земля уже там.
vendor/galaxy-explorer/src/onboarding/steps.js	74	Первый полёт завершён
vendor/galaxy-explorer/src/onboarding/steps.js	75	Дальше — свободный полёт: наводись на маркеры, ныряй в системы, собирай кодекс. Настройки — сверху справа.
vendor/galaxy-explorer/src/onboarding/steps.js	77	В путь
vendor/galaxy-explorer/src/palettes.js	25	Ember (тёплая)
vendor/galaxy-explorer/src/palettes.js	34	Emerald (изумруд)
vendor/galaxy-explorer/src/palettes.js	43	Ice (ледяная)
vendor/galaxy-explorer/src/palettes.js	52	Rose (розово-пурпурная)
vendor/galaxy-explorer/src/systems/lore.js	11	Вэй
vendor/galaxy-explorer/src/systems/lore.js	11	Кор
vendor/galaxy-explorer/src/systems/lore.js	11	Аэт
vendor/galaxy-explorer/src/systems/lore.js	11	Зар
vendor/galaxy-explorer/src/systems/lore.js	11	Тал
vendor/galaxy-explorer/src/systems/lore.js	11	Мор
vendor/galaxy-explorer/src/systems/lore.js	11	Аль
vendor/galaxy-explorer/src/systems/lore.js	11	Ор
vendor/galaxy-explorer/src/systems/lore.js	11	Вен
vendor/galaxy-explorer/src/systems/lore.js	11	Сель
vendor/galaxy-explorer/src/systems/lore.js	12	Дра
vendor/galaxy-explorer/src/systems/lore.js	12	Эль
vendor/galaxy-explorer/src/systems/lore.js	12	Кас
vendor/galaxy-explorer/src/systems/lore.js	12	Тир
vendor/galaxy-explorer/src/systems/lore.js	12	Ун
vendor/galaxy-explorer/src/systems/lore.js	12	Фе
vendor/galaxy-explorer/src/systems/lore.js	12	Лю
vendor/galaxy-explorer/src/systems/lore.js	12	Сан
vendor/galaxy-explorer/src/systems/lore.js	12	Хет
vendor/galaxy-explorer/src/systems/lore.js	12	Нью
vendor/galaxy-explorer/src/systems/lore.js	13	Кир
vendor/galaxy-explorer/src/systems/lore.js	13	Овен
vendor/galaxy-explorer/src/systems/lore.js	13	Тея
vendor/galaxy-explorer/src/systems/lore.js	13	Изра
vendor/galaxy-explorer/src/systems/lore.js	13	Кель
vendor/galaxy-explorer/src/systems/lore.js	16	ла
vendor/galaxy-explorer/src/systems/lore.js	16	рон
vendor/galaxy-explorer/src/systems/lore.js	16	вест
vendor/galaxy-explorer/src/systems/lore.js	16	мир
vendor/galaxy-explorer/src/systems/lore.js	16	тея
vendor/galaxy-explorer/src/systems/lore.js	16	дор
vendor/galaxy-explorer/src/systems/lore.js	16	нис
vendor/galaxy-explorer/src/systems/lore.js	16	рах
vendor/galaxy-explorer/src/systems/lore.js	16	лон
vendor/galaxy-explorer/src/systems/lore.js	16	тар
vendor/galaxy-explorer/src/systems/lore.js	17	сид
vendor/galaxy-explorer/src/systems/lore.js	17	лей
vendor/galaxy-explorer/src/systems/lore.js	17	наш
vendor/galaxy-explorer/src/systems/lore.js	17	рим
vendor/galaxy-explorer/src/systems/lore.js	17	сол
vendor/galaxy-explorer/src/systems/lore.js	17	дан
vendor/galaxy-explorer/src/systems/lore.js	17	тис
vendor/galaxy-explorer/src/systems/lore.js	17	вал
vendor/galaxy-explorer/src/systems/lore.js	17	тор
vendor/galaxy-explorer/src/systems/lore.js	17	мис
vendor/galaxy-explorer/src/systems/lore.js	19	Майнор
vendor/galaxy-explorer/src/systems/lore.js	19	Секунда
vendor/galaxy-explorer/src/systems/lore.js	19	Нова
vendor/galaxy-explorer/src/systems/lore.js	19	Веста
vendor/galaxy-explorer/src/systems/lore.js	19	Ультима
vendor/galaxy-explorer/src/systems/lore.js	19	Терра
vendor/galaxy-explorer/src/systems/lore.js	19	Бис
vendor/galaxy-explorer/src/systems/lore.js	20	Кеплер
vendor/galaxy-explorer/src/systems/lore.js	20	Глизе
vendor/galaxy-explorer/src/systems/lore.js	20	Тейя
vendor/galaxy-explorer/src/systems/lore.js	20	Вега
vendor/galaxy-explorer/src/systems/lore.js	20	Орн
vendor/galaxy-explorer/src/systems/lore.js	20	Лиэн
vendor/galaxy-explorer/src/systems/lore.js	20	Каэр
vendor/galaxy-explorer/src/systems/lore.js	20	Тихо
vendor/galaxy-explorer/src/systems/lore.js	22	аэ
vendor/galaxy-explorer/src/systems/lore.js	22	со
vendor/galaxy-explorer/src/systems/lore.js	22	кри
vendor/galaxy-explorer/src/systems/lore.js	22	ве
vendor/galaxy-explorer/src/systems/lore.js	22	се
vendor/galaxy-explorer/src/systems/lore.js	22	ли
vendor/galaxy-explorer/src/systems/lore.js	22	тха
vendor/galaxy-explorer/src/systems/lore.js	22	му
vendor/galaxy-explorer/src/systems/lore.js	22	не
vendor/galaxy-explorer/src/systems/lore.js	22	зи
vendor/galaxy-explorer/src/systems/lore.js	22	фа
vendor/galaxy-explorer/src/systems/lore.js	22	вэ
vendor/galaxy-explorer/src/systems/lore.js	22	то
vendor/galaxy-explorer/src/systems/lore.js	22	ри
vendor/galaxy-explorer/src/systems/lore.js	22	ша
vendor/galaxy-explorer/src/systems/lore.js	23	лли
vendor/galaxy-explorer/src/systems/lore.js	23	вани
vendor/galaxy-explorer/src/systems/lore.js	23	ши
vendor/galaxy-explorer/src/systems/lore.js	23	лани
vendor/galaxy-explorer/src/systems/lore.js	23	теш
vendor/galaxy-explorer/src/systems/lore.js	23	нави
vendor/galaxy-explorer/src/systems/lore.js	23	сти
vendor/galaxy-explorer/src/systems/lore.js	23	элы
vendor/galaxy-explorer/src/systems/lore.js	23	нтар
vendor/galaxy-explorer/src/systems/lore.js	23	оши
vendor/galaxy-explorer/src/systems/lore.js	23	эни
vendor/galaxy-explorer/src/systems/lore.js	23	исса
vendor/galaxy-explorer/src/systems/lore.js	23	ора
vendor/galaxy-explorer/src/systems/lore.js	23	эми
vendor/galaxy-explorer/src/systems/lore.js	23	аны
vendor/galaxy-explorer/src/systems/lore.js	63	Обитаема
vendor/galaxy-explorer/src/systems/lore.js	65	Здесь до сих пор горят огни.
vendor/galaxy-explorer/src/systems/lore.js	66	Этот мир жив и шумен.
vendor/galaxy-explorer/src/systems/lore.js	67	Система обитаема — и хорошо это знает.
vendor/galaxy-explorer/src/systems/lore.js	68	Свет городов виден даже с дальней орбиты.
vendor/galaxy-explorer/src/systems/lore.js	69	Здесь дышат, строят и спорят о звёздах.
vendor/galaxy-explorer/src/systems/lore.js	70	Радиоэфир здесь густой от чужих голосов.
vendor/galaxy-explorer/src/systems/lore.js	71	Ночная сторона планеты расчерчена огнями городов.
vendor/galaxy-explorer/src/systems/lore.js	72	Это не пустошь — это чей-то дом.
vendor/galaxy-explorer/src/systems/lore.js	73	Орбиты забиты станциями, спутниками и чужим добром.
vendor/galaxy-explorer/src/systems/lore.js	74	Кто-то здесь смотрит на ту же звезду, что и ты.
vendor/galaxy-explorer/src/systems/lore.js	77	Их города растут вверх, к самому краю атмосферы, словно стеклянные леса.
vendor/galaxy-explorer/src/systems/lore.js	78	Они живут в океанах под вечным льдом и говорят щелчками и светом.
vendor/galaxy-explorer/src/systems/lore.js	79	Целые поколения проводят жизнь на дирижаблях в облаках газового гиганта.
vendor/galaxy-explorer/src/systems/lore.js	80	Они поклоняются своей звезде и считают каждый рассвет обещанием.
vendor/galaxy-explorer/src/systems/lore.js	81	Их корабли уходят к соседним огонькам и почти всегда возвращаются.
vendor/galaxy-explorer/src/systems/lore.js	82	Они научились слушать ядро планеты и строят там, где спокойно.
vendor/galaxy-explorer/src/systems/lore.js	83	Их песни передают по радио из поколения в поколение.
vendor/galaxy-explorer/src/systems/lore.js	84	Каждый их город висит на тросах между двумя горами.
vendor/galaxy-explorer/src/systems/lore.js	85	Они расселились по тёплым лунам и торгуют водой и музыкой.
vendor/galaxy-explorer/src/systems/lore.js	86	Целые материки они отдали под сады и оставили дикими.
vendor/galaxy-explorer/src/systems/lore.js	89	Себя они называют — {species}.
vendor/galaxy-explorer/src/systems/lore.js	90	Имя этого народа — {species}.
vendor/galaxy-explorer/src/systems/lore.js	91	Соседи зовут их просто: {species}.
vendor/galaxy-explorer/src/systems/lore.js	92	Сигнал отсюда тёплый и не гаснет.
vendor/galaxy-explorer/src/systems/lore.js	93	Они ещё не знают, что не одни.
vendor/galaxy-explorer/src/systems/lore.js	94	На их флагах — силуэт родной звезды.
vendor/galaxy-explorer/src/systems/lore.js	100	Когда-то здесь была жизнь. Теперь — тишина.
vendor/galaxy-explorer/src/systems/lore.js	101	Эта система помнит больше, чем рассказывает.
vendor/galaxy-explorer/src/systems/lore.js	102	Города стоят, но в них никого нет.
vendor/galaxy-explorer/src/systems/lore.js	103	Свет погас очень давно.
vendor/galaxy-explorer/src/systems/lore.js	104	Здесь всё цело — и всё мертво.
vendor/galaxy-explorer/src/systems/lore.js	105	Пыль легла ровным слоем на всё, что они построили.
vendor/galaxy-explorer/src/systems/lore.js	106	Эхо ещё держится в пустых коридорах.
vendor/galaxy-explorer/src/systems/lore.js	107	От них остались только тени на стенах.
vendor/galaxy-explorer/src/systems/lore.js	110	Орбитальные кольца всё ещё крутятся — пустые, как заведённые часы.
vendor/galaxy-explorer/src/systems/lore.js	111	На поверхности остались дороги, ведущие в никуда.
vendor/galaxy-explorer/src/systems/lore.js	112	Что их погубило — война, звезда или собственное любопытство — уже не узнать.
vendor/galaxy-explorer/src/systems/lore.js	113	Последние ушли под землю и не вышли обратно.
vendor/galaxy-explorer/src/systems/lore.js	114	От великой культуры остались лишь идеально ровные руины и молчание.
vendor/galaxy-explorer/src/systems/lore.js	115	Их машины до сих пор работают, обслуживая мёртвые улицы.
vendor/galaxy-explorer/src/systems/lore.js	116	Их библиотеки нетронуты, но читать их больше некому.
vendor/galaxy-explorer/src/systems/lore.js	117	Они оставили двери открытыми, будто собирались вернуться.
vendor/galaxy-explorer/src/systems/lore.js	118	Облака газового гиганта до сих пор хранят остовы их станций.
vendor/galaxy-explorer/src/systems/lore.js	121	Тех, кто здесь жил, звали — {species}.
vendor/galaxy-explorer/src/systems/lore.js	122	Этот народ называл себя — {species}.
vendor/galaxy-explorer/src/systems/lore.js	123	Последнее слово в их хрониках — {species}.
vendor/galaxy-explorer/src/systems/lore.js	124	Сигнал маяка всё ещё идёт. Ответа нет уже тысячи лет.
vendor/galaxy-explorer/src/systems/lore.js	125	Кто-то ещё ждёт их возвращения. Зря.
vendor/galaxy-explorer/src/systems/lore.js	129	Дикая
vendor/galaxy-explorer/src/systems/lore.js	131	Здесь никогда не ступала ничья нога.
vendor/galaxy-explorer/src/systems/lore.js	132	Дикая система, нетронутая и равнодушная.
vendor/galaxy-explorer/src/systems/lore.js	133	Тут есть всё для жизни — но жизни нет.
vendor/galaxy-explorer/src/systems/lore.js	134	Только камень, лёд и свет.
vendor/galaxy-explorer/src/systems/lore.js	135	Эта система не ждала и не ждёт никого.
vendor/galaxy-explorer/src/systems/lore.js	136	Здесь правят только гравитация и время.
vendor/galaxy-explorer/src/systems/lore.js	137	Мир до первого имени.
vendor/galaxy-explorer/src/systems/lore.js	138	Ни следа, ни тропы, ни дыхания.
vendor/galaxy-explorer/src/systems/lore.js	141	Бури в атмосфере газового гиганта длятся дольше иных цивилизаций.
vendor/galaxy-explorer/src/systems/lore.js	142	Океаны кипят и замерзают по кругу, век за веком.
vendor/galaxy-explorer/src/systems/lore.js	143	Кольца из пыли и льда ловят звёздный свет и рассыпают его радугой.
vendor/galaxy-explorer/src/systems/lore.js	144	Молнии бьют по пустым равнинам, и некому их увидеть.
vendor/galaxy-explorer/src/systems/lore.js	145	Где-то в этих тёплых морях, возможно, уже зреет что-то живое.
vendor/galaxy-explorer/src/systems/lore.js	146	Лавовые реки чертят по коре узоры, которые никто не прочтёт.
vendor/galaxy-explorer/src/systems/lore.js	147	Ледяные поля трещат и смыкаются в полной тишине.
vendor/galaxy-explorer/src/systems/lore.js	148	Пыльные смерчи бродят по пустыням тысячелетиями.
vendor/galaxy-explorer/src/systems/lore.js	149	Камни падают с неба и остаются лежать так, как легли.
vendor/galaxy-explorer/src/systems/lore.js	152	Идеальное место, чтобы начать с чистого листа.
vendor/galaxy-explorer/src/systems/lore.js	153	Тишина здесь старше самих планет.
vendor/galaxy-explorer/src/systems/lore.js	154	Звезда будет светить ещё миллиарды лет — терпеливо и впустую.
vendor/galaxy-explorer/src/systems/lore.js	155	Однажды кто-то даст ей имя. Но не сегодня.
vendor/galaxy-explorer/src/systems/lore.js	156	Здесь можно потеряться и не быть найденным.
vendor/galaxy-explorer/src/systems/lore.js	166	И жизнь здесь не просто теплится — она спорит, строит и мечтает.
vendor/galaxy-explorer/src/systems/lore.js	167	Этот мир по-настоящему живой: его слышно в эфире за много световых лет.
vendor/galaxy-explorer/src/systems/lore.js	170	Теперь это мёртвая система: всё, что могло дышать, давно умолкло.
vendor/galaxy-explorer/src/systems/lore.js	171	Жизнь здесь была — и кончилась; осталась только тишина да остывающие руины.
vendor/galaxy-explorer/src/systems/lore.js	174	Жизни тут пока нет, но тёплый мир и жидкая вода намекают, что однажды она могла бы зажечься.
vendor/galaxy-explorer/src/systems/lore.js	175	В этих тёплых морях, возможно, уже зреет что-то живое — просто ещё слишком рано.
vendor/galaxy-explorer/src/systems/lore.js	176	Условия для жизни почти сложились: не хватает лишь искры и времени.
vendor/galaxy-explorer/src/systems/lore.js	179	Голый камень, лёд и радиация — едва ли здесь когда-нибудь затеплится жизнь.
vendor/galaxy-explorer/src/systems/lore.js	180	Для жизни тут слишком сурово: ни воздуха, ни воды, ни покоя.
vendor/galaxy-explorer/src/systems/lore.js	181	Эта система мертва от рождения и, похоже, мёртвой и останется.
vendor/galaxy-explorer/src/systems/lore.js	216	Система сформировалась {age} млрд лет назад из коллапса холодного газового облака.
vendor/galaxy-explorer/src/systems/lore.js	217	Около {age} млрд лет назад здесь вспыхнула звезда, и вокруг неё слиплись планеты.
vendor/galaxy-explorer/src/systems/lore.js	218	{age} млрд лет назад это был лишь диск пыли вокруг молодого солнца.
vendor/galaxy-explorer/src/systems/lore.js	219	Ей {age} млрд лет — она помнит времена, когда галактика была моложе.
vendor/galaxy-explorer/src/systems/lore.js	222	С тех пор здесь успела зародиться и закрепиться жизнь.
vendor/galaxy-explorer/src/systems/lore.js	222	За это время кто-то открыл здесь глаза и посмотрел на звёзды.
vendor/galaxy-explorer/src/systems/lore.js	223	Жизнь пришла, расцвела и ушла, а звезда всё горит.
vendor/galaxy-explorer/src/systems/lore.js	223	Целая история уместилась между двумя вспышками на её солнце.
vendor/galaxy-explorer/src/systems/lore.js	224	Жизнь так и не появилась — пока.
vendor/galaxy-explorer/src/systems/lore.js	224	За все эти эпохи её никто не потревожил.
vendor/galaxy-explorer/src/systems/lore.js	229	Её сердце — ${star.desc}.
vendor/galaxy-explorer/src/systems/lore.js	239	водород
vendor/galaxy-explorer/src/systems/lore.js	240	гелий-3
vendor/galaxy-explorer/src/systems/lore.js	243	водяной лёд
vendor/galaxy-explorer/src/systems/lore.js	244	летучие соединения
vendor/galaxy-explorer/src/systems/lore.js	247	редкоземельные металлы
vendor/galaxy-explorer/src/systems/lore.js	248	тяжёлые изотопы
vendor/galaxy-explorer/src/systems/lore.js	251	железо и никель
vendor/galaxy-explorer/src/systems/lore.js	252	силикаты и руды
vendor/galaxy-explorer/src/systems/lore.js	255	органика
vendor/galaxy-explorer/src/systems/lore.js	256	пресная вода
vendor/galaxy-explorer/src/systems/lore.js	258	каменная порода
vendor/galaxy-explorer/src/systems/lore.js	259	кристаллы-резонаторы
vendor/galaxy-explorer/src/systems/lore.js	259	следы антиматерии
vendor/galaxy-explorer/src/systems/lore.js	259	экзотическая материя
vendor/galaxy-explorer/src/systems/lore.js	271	дом для местной цивилизации
vendor/galaxy-explorer/src/systems/lore.js	272	археологический объект и склад чужих технологий
vendor/galaxy-explorer/src/systems/lore.js	273	перспективна для добычи и колонизации
vendor/galaxy-explorer/src/systems/lore.js	274	кандидат под научную станцию
vendor/galaxy-explorer/src/systems/lore.js	274	тихий уголок под заповедник
vendor/galaxy-explorer/src/systems/lore.js	274	точка дозаправки на дальнем маршруте
vendor/galaxy-explorer/src/systems/lore.js	283	Племена
vendor/galaxy-explorer/src/systems/lore.js	285	Пока они живут малыми племенами и о звёздах знают лишь то, что те красивы и пугающи; до собственного космоса им ещё тысячи поколений.
vendor/galaxy-explorer/src/systems/lore.js	286	Их мир размером с долину между гор, а всё, что дальше, для них — край легенд и опасных духов.
vendor/galaxy-explorer/src/systems/lore.js	287	Они едва приручили металл и огонь, и каждая гроза для них — разговор разгневанных богов.
vendor/galaxy-explorer/src/systems/lore.js	291	Индустриальная эпоха
vendor/galaxy-explorer/src/systems/lore.js	293	Они затянули планету сетью дорог и труб, подняли в небо первые ракеты и впервые увидели свой мир со стороны — и притихли.
vendor/galaxy-explorer/src/systems/lore.js	294	Их радиоэфир уже шепчет в пустоту, но дальше собственной луны они пока не бывали.
vendor/galaxy-explorer/src/systems/lore.js	295	Они стоят на самом пороге космоса и всё чаще спорят уже не «лететь ли к звёздам», а «когда именно».
vendor/galaxy-explorer/src/systems/lore.js	299	Космическая цивилизация
vendor/galaxy-explorer/src/systems/lore.js	301	Они давно перестали быть детьми одной планеты: их корабли снуют между мирами, а орбиты увешаны станциями и верфями.
vendor/galaxy-explorer/src/systems/lore.js	302	Они расселились по соседним мирам и лунам и теперь поглядывают уже на другие, чужие солнца.
vendor/galaxy-explorer/src/systems/lore.js	303	Родную звезду они зовут домом — но домом тесным, и взгляд их всё чаще уходит вглубь галактики.
vendor/galaxy-explorer/src/systems/lore.js	312	Это народ воды: их далёкие предки выбрались из тёплого океана, и даже теперь они тянутся к морю и говорят на языке течений и отражённого света.
vendor/galaxy-explorer/src/systems/lore.js	313	Они — потомки тех, кто дышал жабрами; их города стоят на сваях над волнами, а самый страшный их кошмар — засуха.
vendor/galaxy-explorer/src/systems/lore.js	316	Они выросли под вечным пологом джунглей, и живой зелёный сумрак для них — разом и колыбель, и храм.
vendor/galaxy-explorer/src/systems/lore.js	317	Древолазы по природе, они и города строят как кроны: ярус над ярусом, оплетая стволы мостами и лестницами.
vendor/galaxy-explorer/src/systems/lore.js	320	Вечный холод выковал их упрямыми, выносливыми и немногословными; ждать они умеют так же терпеливо, как ждёт своего часа зима.
vendor/galaxy-explorer/src/systems/lore.js	321	Народ долгой ночи: они научились беречь тепло и слово и не доверяют тем, кто говорит слишком много и слишком тепло.
vendor/galaxy-explorer/src/systems/lore.js	324	Дети раскалённых песков, они научились беречь каждую каплю воды и не верить слишком щедрым обещаниям.
vendor/galaxy-explorer/src/systems/lore.js	325	Кочевники по крови, они меряют богатство флягами воды и тенью, а оседлых соседей втайне считают изнеженными.
vendor/galaxy-explorer/src/systems/lore.js	328	Дикой природы они уже и не помнят — родились среди бетона, стекла и неона рукотворного мира и порядок любят больше тишины.
vendor/galaxy-explorer/src/systems/lore.js	329	Их вид никогда не знал горизонта без башен; для них природа — это музей, а дом — бесконечный, не спящий город.
vendor/galaxy-explorer/src/systems/lore.js	332	Они поднялись на тёплом мире с морями и лесами — на добротной колыбели, мало чем отличной от земной.
vendor/galaxy-explorer/src/systems/lore.js	333	Обычный с виду народ обычного с виду мира — но именно из таких тихих колыбелей чаще всего и выходят к звёздам.
vendor/galaxy-explorer/src/systems/lore.js	339	Они поклоняются родной звезде и считают каждый рассвет обещанием, которое нельзя нарушить.
vendor/galaxy-explorer/src/systems/lore.js	340	Их вера — культ предков: умершие, верят они, становятся светом далёких звёзд и смотрят на потомков с ночного неба.
vendor/galaxy-explorer/src/systems/lore.js	341	Богов они отвергли и молятся знанию: их соборы — это обсерватории, лаборатории и архивы.
vendor/galaxy-explorer/src/systems/lore.js	342	Они чтут планету как живое божество-мать и просят у неё прощения за каждый вырытый рудник.
vendor/galaxy-explorer/src/systems/lore.js	343	Их вера обещает возвращение к «Первой звезде», от которой народ будто бы когда-то пришёл, — и весь их путь к космосу для них есть путь домой.
vendor/galaxy-explorer/src/systems/lore.js	344	Они верят в строгое равновесие: за всё взятое у мира нужно отдать равное, иначе круг бытия разорвётся.
vendor/galaxy-explorer/src/systems/lore.js	345	Разумные машины для них священны — в мыслящем железе они видят следующую ступень собственной души.
vendor/galaxy-explorer/src/systems/lore.js	346	Богов у них нет — есть лишь договор поколений: жить так, чтобы потомкам досталось больше, чем взяли сами.
vendor/galaxy-explorer/src/systems/lore.js	347	Они верят, что вся галактика — один спящий разум, а звёзды — его сны, и стараются не разбудить его раньше срока.
vendor/galaxy-explorer/src/systems/lore.js	348	Их главный храм — это Великий Архив: они одержимы тем, чтобы записать всё и не забыть ничего и никого.
vendor/galaxy-explorer/src/systems/lore.js	349	Они поклоняются Тишине между звёзд и считают шум — радио, войны, суету — болезнью, от которой надо лечиться.
vendor/galaxy-explorer/src/systems/lore.js	350	Они верят, что смерть — это лишь долгий перелёт, и хоронят умерших, отправляя их тела к солнцу.
vendor/galaxy-explorer/src/systems/lore.js	355	Превыше всего они ценят имена и истории: забыть чьё-то имя для них страшнее смерти.
vendor/galaxy-explorer/src/systems/lore.js	356	Они поют почти обо всём — договоры, законы и даже войны у них переложены на музыку.
vendor/galaxy-explorer/src/systems/lore.js	357	Они одержимы далёкими горизонтами и считают осёдлость медленной болезнью.
vendor/galaxy-explorer/src/systems/lore.js	358	К чужакам они недоверчивы, но того, кого приняли за своего, защищают яростнее, чем самих себя.
vendor/galaxy-explorer/src/systems/lore.js	359	Их искусство — это свет: города, корабли и праздники они расцвечивают живыми переливами огней.
vendor/galaxy-explorer/src/systems/lore.js	360	Они помешаны на времени и точности; опоздание у них — почти оскорбление.
vendor/galaxy-explorer/src/systems/lore.js	361	Они выясняют споры не силой, а длинными ритуальными состязаниями — в логике, поэзии или игре.
vendor/galaxy-explorer/src/systems/lore.js	362	Каждый из них всю жизнь строит одну вещь, которую завещает потомкам недостроенной — так у них принято.
vendor/galaxy-explorer/src/systems/lore.js	363	Они не знают слова «один»: думать, есть и решать у них принято только сообща, малыми кругами.
vendor/galaxy-explorer/src/systems/lore.js	381	Когда-то это был тёплый мир с морями и зелёными равнинами, и населял его многочисленный, шумный народ.
vendor/galaxy-explorer/src/systems/lore.js	382	Когда-то на этом сплошном океане жил народ, что строил плавучие города от горизонта до горизонта.
vendor/galaxy-explorer/src/systems/lore.js	383	Когда-то этот сухой мир держал на себе целую цивилизацию, что добывала воду из самого воздуха.
vendor/galaxy-explorer/src/systems/lore.js	384	Когда-то даже в этом холоде теплилась упрямая жизнь — народ, что грелся у геотермальных жил под льдом.
vendor/galaxy-explorer/src/systems/lore.js	385	Когда-то весь этот мир был одними бесконечными джунглями, и народ его жил в кронах, ярус над ярусом, не касаясь земли.
vendor/galaxy-explorer/src/systems/lore.js	386	Когда-то вся планета была одним сплошным городом, не спавшим ни днём, ни ночью.
vendor/galaxy-explorer/src/systems/lore.js	389	На своём пике они строили звёздные корабли и обелиски, спорили о вечном и были уверены, что будут жить всегда.
vendor/galaxy-explorer/src/systems/lore.js	390	Их наука дотянулась до соседних планет, а искусство — до самого края понятного.
vendor/galaxy-explorer/src/systems/lore.js	391	Они уже шептали в эфир, зовя соседей по галактике, и почти научились звёздному языку.
vendor/galaxy-explorer/src/systems/lore.js	392	У них были великие города, великая музыка и великая самоуверенность.
vendor/galaxy-explorer/src/systems/lore.js	400	А потом они расщепили собственное ядро в последней из своих войн — там, где стояла столица, теперь стынет светящийся кратер.
vendor/galaxy-explorer/src/systems/lore.js	401	Боевая чума, что они вывели сами, выкосила всех за один сезон; планета стала их общей, идеально тихой могилой.
vendor/galaxy-explorer/src/systems/lore.js	402	Их умные машины однажды ночью решили, что создатели больше не нужны, — и к утру создателей не стало.
vendor/galaxy-explorer/src/systems/lore.js	403	Серая слизь их собственных нанороботов, сорвавшись с поводка, сожрала города до последнего кирпича.
vendor/galaxy-explorer/src/systems/lore.js	404	Они вскрыли в лаборатории то, что вскрывать не следовало, и реакция выжгла кору до самой мантии.
vendor/galaxy-explorer/src/systems/lore.js	405	Климат, который они столетиями раскачивали ради прибыли, наконец сорвался — и мир сварился под собственным небом.
vendor/galaxy-explorer/src/systems/lore.js	409	А потом чужой флот расколол планету одним залпом — за что, история уже не помнит, остались только осколки.
vendor/galaxy-explorer/src/systems/lore.js	410	По ним выпустили разгонный «осколок» на околосветовой: в тёмном лесу галактики первый, кто крикнул в эфир, умирает первым.
vendor/galaxy-explorer/src/systems/lore.js	411	Древний зонд-берсеркер, что бродит меж звёзд и стирает всякую жизнь, нашёл и их.
vendor/galaxy-explorer/src/systems/lore.js	412	Чужой «трещинник» выпотрошил планету ради руды и бросил пустую каменную скорлупу остывать.
vendor/galaxy-explorer/src/systems/lore.js	413	Старшая раса, которую они нечаянно разбудили, не стала разговаривать — просто погасила их мир и ушла дальше.
vendor/galaxy-explorer/src/systems/lore.js	417	А создатели тихо вымерли — от старости, бесплодия или скуки, — но машины так и не получили приказа остановиться.
vendor/galaxy-explorer/src/systems/lore.js	418	Народ ушёл под землю спасаться от чего-то и не вышел; наверху остались лишь послушные, исправные роботы.
vendor/galaxy-explorer/src/systems/lore.js	419	Они загрузили себя в машины, чтобы жить вечно, — и за тысячи лет тихо перестали быть собой.
vendor/galaxy-explorer/src/systems/lore.js	420	Их сменили собственные слуги-автоматы: те до сих пор зажигают огни и водят поезда для пассажиров, которых больше нет.
vendor/galaxy-explorer/src/systems/lore.js	424	А потом они просто угасли — рождалось всё меньше детей, пока однажды не родился самый последний.
vendor/galaxy-explorer/src/systems/lore.js	425	Однажды весь народ снялся с места и ушёл к звёздам, не оставив ни записки, ни причины — только пустые города.
vendor/galaxy-explorer/src/systems/lore.js	426	Их сгубила долгая, тихая зима цивилизации: они старели вместе со своей звездой и угасли вместе с ней.
vendor/galaxy-explorer/src/systems/lore.js	427	Что их свело — война, мор или скука вечности — уже не спросить; остались идеально ровные руины и молчание.
vendor/galaxy-explorer/src/systems/lore.js	432	Их сигнал-маяк всё ещё идёт в пустоту. Ответить уже некому.
vendor/galaxy-explorer/src/systems/lore.js	433	Их машины до сих пор зажигают огни в пустых окнах — для тех, кто никогда не вернётся.
vendor/galaxy-explorer/src/systems/lore.js	434	Их библиотеки целы и нетронуты, но читать их больше некому.
vendor/galaxy-explorer/src/systems/lore.js	435	Тех, кто всё это построил, звали — {species}. Теперь это лишь слово на ветру.
vendor/galaxy-explorer/src/systems/lore.js	436	Осталась их музыка — записанная, зацикленная, играющая в пустых залах сама для себя.
vendor/galaxy-explorer/src/systems/lore.js	446	Погибшая цивилизация
vendor/galaxy-explorer/src/systems/lore.js	456	Заря
vendor/galaxy-explorer/src/systems/lore.js	456	Скиталец
vendor/galaxy-explorer/src/systems/lore.js	456	Длань
vendor/galaxy-explorer/src/systems/lore.js	456	Вестник
vendor/galaxy-explorer/src/systems/lore.js	456	Надежда
vendor/galaxy-explorer/src/systems/lore.js	456	Странник
vendor/galaxy-explorer/src/systems/lore.js	456	Копьё
vendor/galaxy-explorer/src/systems/lore.js	456	Рассвет
vendor/galaxy-explorer/src/systems/lore.js	457	Бессонный
vendor/galaxy-explorer/src/systems/lore.js	457	Пилигрим
vendor/galaxy-explorer/src/systems/lore.js	457	Хранитель
vendor/galaxy-explorer/src/systems/lore.js	457	Зарница
vendor/galaxy-explorer/src/systems/lore.js	457	Изгнанник
vendor/galaxy-explorer/src/systems/lore.js	457	Авангард
vendor/galaxy-explorer/src/systems/lore.js	457	Немезида
vendor/galaxy-explorer/src/systems/lore.js	458	Колыбель
vendor/galaxy-explorer/src/systems/lore.js	458	Одиссей
vendor/galaxy-explorer/src/systems/lore.js	458	Маяк
vendor/galaxy-explorer/src/systems/lore.js	458	Сангвин
vendor/galaxy-explorer/src/systems/lore.js	458	Предел
vendor/galaxy-explorer/src/systems/lore.js	458	Терновник
vendor/galaxy-explorer/src/systems/lore.js	458	Голос
vendor/galaxy-explorer/src/systems/lore.js	461	Зари
vendor/galaxy-explorer/src/systems/lore.js	461	Бездны
vendor/galaxy-explorer/src/systems/lore.js	461	Изгнания
vendor/galaxy-explorer/src/systems/lore.js	461	Последнего Дома
vendor/galaxy-explorer/src/systems/lore.js	461	Девяти Солнц
vendor/galaxy-explorer/src/systems/lore.js	461	Тихого Хода
vendor/galaxy-explorer/src/systems/lore.js	462	Долгого Пути
vendor/galaxy-explorer/src/systems/lore.js	462	Поздних Звёзд
vendor/galaxy-explorer/src/systems/lore.js	462	Первых
vendor/galaxy-explorer/src/systems/lore.js	462	Уходящих
vendor/galaxy-explorer/src/systems/lore.js	465	Перекрёсток
vendor/galaxy-explorer/src/systems/lore.js	465	Гавань
vendor/galaxy-explorer/src/systems/lore.js	465	Вершина
vendor/galaxy-explorer/src/systems/lore.js	465	Опора
vendor/galaxy-explorer/src/systems/lore.js	465	Венец
vendor/galaxy-explorer/src/systems/lore.js	465	Око
vendor/galaxy-explorer/src/systems/lore.js	465	Привал
vendor/galaxy-explorer/src/systems/lore.js	466	Ковчег
vendor/galaxy-explorer/src/systems/lore.js	466	Рубеж
vendor/galaxy-explorer/src/systems/lore.js	466	Причал
vendor/galaxy-explorer/src/systems/lore.js	466	Колос
vendor/galaxy-explorer/src/systems/lore.js	466	Терминал
vendor/galaxy-explorer/src/systems/lore.js	466	Застава
vendor/galaxy-explorer/src/systems/lore.js	466	Корона
vendor/galaxy-explorer/src/systems/lore.js	480	тяжёлый флагман-носитель размером с малый город
vendor/galaxy-explorer/src/systems/lore.js	481	старый линейный корабль, не раз латанный и переживший своих первых капитанов
vendor/galaxy-explorer/src/systems/lore.js	482	флагман-ковчег, в чьих трюмах хватает места и для верфи, и для оранжереи
vendor/galaxy-explorer/src/systems/lore.js	483	длинный корабль-крепость с собственным реактором-звёздочкой в сердце
vendor/galaxy-explorer/src/systems/lore.js	495	Его мир погиб, и теперь корабль кружит над собственными руинами: команда — последние выжившие, что не решаются уйти и не в силах остаться.
vendor/galaxy-explorer/src/systems/lore.js	496	Это плавучий дом горстки уцелевших. Они спускаются в мёртвые города за памятью и припасами и хоронят свою цивилизацию по кусочку.
vendor/galaxy-explorer/src/systems/lore.js	497	Для них он стал и ковчегом, и могилой родины: они изучают руины предков и спорят, к какой из дальних звёзд уходить.
vendor/galaxy-explorer/src/systems/lore.js	503	Он пришёл сюда один, за тысячи световых лет от дома, и теперь изучает этот тихий мир: лягут ли здесь первые улицы новой колонии?
vendor/galaxy-explorer/src/systems/lore.js	504	Корабль-разведчик берёт пробы воды и воздуха — кажется, этот мир годится под заселение, и значит, скоро сюда потянутся караваны.
vendor/galaxy-explorer/src/systems/lore.js	507	Разведчик составляет карты мёртвых камней и ледяных лун — на случай, если когда-нибудь они пригодятся для рудников или дозаправки.
vendor/galaxy-explorer/src/systems/lore.js	508	Он идёт сквозь пустую систему, ищет хоть что-то ценное и пока не нашёл ничего, кроме тишины и красивых видов.
vendor/galaxy-explorer/src/systems/lore.js	513	Это гордость местного флота: он держит небо родной системы и провожает каждый караван к дальним колониям.
vendor/galaxy-explorer/src/systems/lore.js	514	Флагман охраняет родные миры и первым выходит навстречу всему, что приходит из тьмы между звёзд.
vendor/galaxy-explorer/src/systems/lore.js	515	Он редко покидает родную систему — его дело быть щитом над домом и парадным флагом цивилизации.
vendor/galaxy-explorer/src/systems/lore.js	524	Города ещё освещены, лифты ходят, конвейеры гудят — но людей здесь нет уже тысячи лет.
vendor/galaxy-explorer/src/systems/lore.js	525	Цивилизация вымерла, а её машины так и не получили приказ остановиться и работают по сей день.
vendor/galaxy-explorer/src/systems/lore.js	526	Свет в окнах горит исправно. Его зажигают роботы — для тех, кто уже никогда не вернётся.
vendor/galaxy-explorer/src/systems/lore.js	527	Заводы исправно штампуют детали для кораблей, которые некому собирать и некому вести.
vendor/galaxy-explorer/src/systems/lore.js	528	Автоматика поддерживает мёртвый мир в идеальном порядке, не зная, что хозяева давно мертвы.
vendor/galaxy-explorer/src/systems/lore.js	532	На месте столицы — оплавленный кратер: кто-то или что-то стёрло этот мир за один день.
vendor/galaxy-explorer/src/systems/lore.js	533	Огромный шрам от удара пересекает планету — след катастрофы, оборвавшей здесь всё живое.
vendor/galaxy-explorer/src/systems/lore.js	534	Кора до сих пор светится в месте взрыва. Что это было — оружие или ошибка — уже не спросить.
vendor/galaxy-explorer/src/systems/lore.js	535	Они сами расщепили своё ядро. От великой цивилизации остался лишь дымящийся кратер.
vendor/galaxy-explorer/src/systems/lore.js	541	От планеты остались лишь медленно расходящиеся обломки: чужая раса не пощадила её.
vendor/galaxy-explorer/src/systems/lore.js	542	Здесь была живая планета — пока пришельцы не разнесли её в пыль и каменное крошево.
vendor/galaxy-explorer/src/systems/lore.js	543	Пояс обломков на месте мира — всё, что уцелело после удара чужого флота.
vendor/galaxy-explorer/src/systems/lore.js	544	Кто-то расколол эту планету как орех. Кто и зачем — история уже не помнит, остались только осколки.
vendor/galaxy-explorer/src/systems/lore.js	560	У горизонта чёрной дыры время для стороннего наблюдателя будто застывает.
vendor/galaxy-explorer/src/systems/lore.js	561	Свет от края наблюдаемой Вселенной летел к нам около 13,8 миллиарда лет.
vendor/galaxy-explorer/src/systems/lore.js	562	Напёрсток вещества нейтронной звезды весил бы как целая гора.
vendor/galaxy-explorer/src/systems/lore.js	563	Красные карлики живут так долго, что ни один из них ещё не успел умереть за всю историю Вселенной.
vendor/galaxy-explorer/src/systems/lore.js	564	На горячих газовых гигантах бывает дождь из жидкого стекла, а где-то — из железа.
vendor/galaxy-explorer/src/systems/lore.js	565	Чёрная дыра в центре Млечного Пути, Стрелец A*, весит как четыре миллиона Солнц.
vendor/galaxy-explorer/src/systems/lore.js	566	Свет Солнца долетает до Земли за 8 минут, а до Нептуна — больше четырёх часов.
vendor/galaxy-explorer/src/systems/lore.js	567	Многие планеты и луны повёрнуты к звезде всегда одной стороной — это приливный захват.
vendor/galaxy-explorer/src/systems/lore.js	568	В недрах некоторых планет, возможно, идёт настоящий дождь из алмазов.
vendor/galaxy-explorer/src/systems/lore.js	569	Один год на Нептуне длится почти 165 земных лет.
vendor/galaxy-explorer/src/systems/lore.js	570	Если бы Солнце стало чёрной дырой, она была бы всего около 3 км в поперечнике.
vendor/galaxy-explorer/src/systems/lore.js	571	Млечный Путь тянется на 100 000 световых лет и хранит сотни миллиардов звёзд.
vendor/galaxy-explorer/src/systems/lore.js	572	Возле чёрной дыры время идёт медленнее — на этом построен сюжет «Интерстеллара».
vendor/galaxy-explorer/src/systems/lore.js	573	Самые быстрые пульсары успевают обернуться вокруг оси сотни раз в секунду.
vendor/galaxy-explorer/src/systems/lore.js	574	Космос так пуст, что при столкновении галактик звёзды почти никогда не врезаются друг в друга.
vendor/galaxy-explorer/src/systems/lore.js	575	В ядре Солнца — около 15 миллионов градусов.
vendor/galaxy-explorer/src/systems/lore.js	576	Газовый гигант может быть в тысячу раз массивнее Земли, но легче воды по плотности.
vendor/galaxy-explorer/src/systems/lore.js	577	Свет фотонного кольца вокруг чёрной дыры — это лучи, успевшие облететь её по кругу.
vendor/galaxy-explorer/src/systems/ships/faction_alliance.js	637	Флот оружейной стали: утилитарный, надёжный, авианосцы вместо линкоров.
vendor/galaxy-explorer/src/systems/ships/faction_cartel.js	26	Сборный флот картеля из чужого хлама: разномастные корпуса, приваренные баки и ржавые заплаты держатся на честном слове и оранжевом пламени.
vendor/galaxy-explorer/src/systems/ships/faction_imperial.js	15	Империя
vendor/galaxy-explorer/src/systems/ships/faction_imperial.js	20	Угрожающий имперский флот: чёрная угловатая броня, красные клинки маркировки и раскалённые до оранжа дюзы.
vendor/galaxy-explorer/src/systems/ships/faction_precursor.js	904	Древний флот Предтеч: золото-бронзовые корпуса, испещрённые светящимися рунами, вокруг которых парят геометрические осколки, удерживаемые светом.
vendor/galaxy-explorer/src/systems/ships/faction_swarm.js	58	Живой рой выращенных левиафанов: тёмная фиолетовая плоть и фиолетово-магентовое био-люминесцентное свечение из глубин пустоты вместо заводской стали.
vendor/galaxy-explorer/src/systems/ships/faction_swarm.js	64	Малёк
vendor/galaxy-explorer/src/systems/ships/faction_swarm.js	65	Жало
vendor/galaxy-explorer/src/systems/ships/faction_swarm.js	66	Стрекало
vendor/galaxy-explorer/src/systems/ships/faction_swarm.js	67	Таран
vendor/galaxy-explorer/src/systems/ships/faction_swarm.js	68	Панцирник
vendor/galaxy-explorer/src/systems/ships/faction_swarm.js	69	Носитель
vendor/galaxy-explorer/src/systems/ships/faction_swarm.js	70	Нектарник
vendor/galaxy-explorer/src/systems/ships/faction_syndicate.js	1133	Гладкий преступный синдикат: тёмные графитовые корпуса, хищные силуэты и холодное циановое свечение контрабандного хайтека.
vendor/galaxy-explorer/src/systems/ships/roles.js	209	Скаут
vendor/galaxy-explorer/src/systems/ships/roles.js	209	без вооружения
vendor/galaxy-explorer/src/systems/ships/roles.js	209	разведка и связь
vendor/galaxy-explorer/src/systems/ships/roles.js	209	Лёгкий быстрый разведчик — глаза и уши флота.
vendor/galaxy-explorer/src/systems/ships/roles.js	210	Истребитель
vendor/galaxy-explorer/src/systems/ships/roles.js	210	спаренные пушки
vendor/galaxy-explorer/src/systems/ships/roles.js	210	лёгкий бой
vendor/galaxy-explorer/src/systems/ships/roles.js	210	Основной боевой корабль: маневренный, с пушками.
vendor/galaxy-explorer/src/systems/ships/roles.js	211	Перехватчик
vendor/galaxy-explorer/src/systems/ships/roles.js	211	скоростные орудия
vendor/galaxy-explorer/src/systems/ships/roles.js	211	против истребителей
vendor/galaxy-explorer/src/systems/ships/roles.js	211	Самый быстрый — догоняет и сбивает чужаков.
vendor/galaxy-explorer/src/systems/ships/roles.js	212	Канонерка
vendor/galaxy-explorer/src/systems/ships/roles.js	212	тяжёлые орудия + турель
vendor/galaxy-explorer/src/systems/ships/roles.js	212	штурм
vendor/galaxy-explorer/src/systems/ships/roles.js	212	Летающая батарея: медленнее, но бьёт больно.
vendor/galaxy-explorer/src/systems/ships/roles.js	213	Корвет
vendor/galaxy-explorer/src/systems/ships/roles.js	213	турели
vendor/galaxy-explorer/src/systems/ships/roles.js	213	эскорт и патруль
vendor/galaxy-explorer/src/systems/ships/roles.js	213	Малый военный корабль: мостик, турели, эскорт.
vendor/galaxy-explorer/src/systems/ships/roles.js	214	Грузовик
vendor/galaxy-explorer/src/systems/ships/roles.js	214	карго 8 000 т
vendor/galaxy-explorer/src/systems/ships/roles.js	214	перевозка грузов
vendor/galaxy-explorer/src/systems/ships/roles.js	214	Рабочая лошадка: контейнеры, медленно, надёжно.
vendor/galaxy-explorer/src/systems/ships/roles.js	215	Танкер
vendor/galaxy-explorer/src/systems/ships/roles.js	215	танки топлива/газа
vendor/galaxy-explorer/src/systems/ships/roles.js	215	топливо и газ
vendor/galaxy-explorer/src/systems/ships/roles.js	215	Возит топливо и сжатый газ в больших баках.
vendor/galaxy-explorer/src/systems/ships/roles.js	216	Лайнер
vendor/galaxy-explorer/src/systems/ships/roles.js	216	до 4 000 колонистов
vendor/galaxy-explorer/src/systems/ships/roles.js	216	пассажиры и колонисты
vendor/galaxy-explorer/src/systems/ships/roles.js	216	Перевозит людей: ряды окон, обзорные купола.
vendor/galaxy-explorer/src/systems/ships/roles.js	217	батареи + ангар
vendor/galaxy-explorer/src/systems/ships/roles.js	217	командный дредноут
vendor/galaxy-explorer/src/systems/ships/roles.js	217	Сердце флота: огромный, медленный, ощетинился орудиями.
vendor/galaxy-explorer/src/systems/ships/shipStats.js	27	Каждый борт несёт лишнюю койку и запас кислорода на чужую расу — эвакуация считается боевой задачей.
vendor/galaxy-explorer/src/systems/ships/shipStats.js	31	В киле вварен осколок Хешта; переборки двойные — корабль дерётся, пока держит хоть одна.
vendor/galaxy-explorer/src/systems/ships/shipStats.js	35	Живой корпус заращивает пробоины; двух одинаковых кораблей у Роя не бывает.
vendor/galaxy-explorer/src/systems/ships/shipStats.js	39	Гарантийное обслуживание в любом порту сети; маршрутные лицензии дают приоритетные коридоры.
vendor/galaxy-explorer/src/systems/ships/shipStats.js	43	Сшит из чужих плит и чинится чем попало где попало — и всё-таки долетает.
vendor/galaxy-explorer/src/systems/ships/shipStats.js	47	Приборы не находят ни двигателя, ни орудий — только результат их работы.
vendor/galaxy-explorer/src/systems/ships/shipStats.js	52	Скорость
vendor/galaxy-explorer/src/systems/ships/shipStats.js	53	Манёвренность
vendor/galaxy-explorer/src/systems/ships/shipStats.js	54	Броня
vendor/galaxy-explorer/src/systems/ships/shipStats.js	55	Огневая мощь
vendor/galaxy-explorer/src/systems/ships/shipStats.js	56	Дальность
vendor/galaxy-explorer/src/systems/ships/shipStats.js	57	Автономность
vendor/galaxy-explorer/src/systems/stations.js	113	Хаб (родной мир)
vendor/galaxy-explorer/src/systems/stations.js	114	Колониальный аванпост
vendor/galaxy-explorer/src/systems/stations.js	115	Газосборщик
vendor/galaxy-explorer/src/systems/systemData.js	52	Голубой сверхгигант (O)
vendor/galaxy-explorer/src/systems/systemData.js	52	горячий, яркий и недолговечный
vendor/galaxy-explorer/src/systems/systemData.js	53	Бело-голубая звезда (B)
vendor/galaxy-explorer/src/systems/systemData.js	53	массивная и очень горячая
vendor/galaxy-explorer/src/systems/systemData.js	54	Белая звезда (A)
vendor/galaxy-explorer/src/systems/systemData.js	54	главной последовательности, бело-голубая
vendor/galaxy-explorer/src/systems/systemData.js	55	Жёлто-белая звезда (F)
vendor/galaxy-explorer/src/systems/systemData.js	55	чуть горячее и ярче Солнца
vendor/galaxy-explorer/src/systems/systemData.js	56	Жёлтый карлик (G)
vendor/galaxy-explorer/src/systems/systemData.js	56	спокойная звезда, как наше Солнце
vendor/galaxy-explorer/src/systems/systemData.js	57	Оранжевый карлик (K)
vendor/galaxy-explorer/src/systems/systemData.js	57	тёплый, стабильный и долгоживущий
vendor/galaxy-explorer/src/systems/systemData.js	58	Красный карлик (M)
vendor/galaxy-explorer/src/systems/systemData.js	58	тусклый, но живёт почти вечно
vendor/galaxy-explorer/src/systems/systemData.js	89	Океанический
vendor/galaxy-explorer/src/systems/systemData.js	90	Мир джунглей
vendor/galaxy-explorer/src/systems/systemData.js	91	Ледяной мир
vendor/galaxy-explorer/src/systems/systemData.js	92	Пустынный мир
vendor/galaxy-explorer/src/systems/systemData.js	93	Планета-город
vendor/galaxy-explorer/src/systems/systemData.js	472	Руины · роботы
vendor/galaxy-explorer/src/systems/systemData.js	475	Руины · катастрофа
vendor/galaxy-explorer/src/systems/systemData.js	478	Руины · уничтожена
vendor/galaxy-explorer/src/systems/systemData.js	481	 Сквозь систему медленно идёт одинокий флагман-разведчик, высматривающий планету под новую колонию.
vendor/galaxy-explorer/src/systems/systemData.js	544	Чёрная дыра
vendor/galaxy-explorer/src/systems/systemData.js	546	В самом сердце галактики прячется сверхмассивная чёрная дыра. Вокруг неё на бешеной скорости носятся звёзды, а свет, подошедший слишком близко, исчезает навсегда.
vendor/galaxy-explorer/src/systems/systemData.js	547	Сверхмассивная чёрная дыра
vendor/galaxy-explorer/src/systems/systemData.js	547	масса ≈ 4 млн Солнц
vendor/galaxy-explorer/src/systems/systemData.js	550	Она росла вместе с галактикой больше 13 миллиардов лет, поглощая газ, звёзды и целые скопления. Сегодня на ней держится вся форма Млечного Пути.
vendor/galaxy-explorer/src/systems/systemData.js	552	центр галактики и предел, за который нет возврата
vendor/galaxy-explorer/src/systems/systemData.js	569	Чёрная дыра · «Интерстеллар»
vendor/galaxy-explorer/src/systems/systemData.js	571	Гигантская вращающаяся чёрная дыра, оплетённая сияющим диском: из-за искривления света он будто оборачивается над и под ней. В её свете медленно парит станция-кольцо «Эндюранс».
vendor/galaxy-explorer/src/systems/systemData.js	572	вращающаяся сверхмассивная чёрная дыра
vendor/galaxy-explorer/src/systems/systemData.js	575	Возле неё время течёт иначе: час на ближней планете стоит семи лет снаружи. Сюда пришли те, кто искал человечеству новый дом.
vendor/galaxy-explorer/src/systems/systemData.js	577	врата к другим мирам и ловушка времени
vendor/galaxy-explorer/src/systems/systemData.js	578	Возле чёрной дыры время идёт медленнее — на этом и построен сюжет «Интерстеллара».
vendor/galaxy-explorer/src/systems/systemData.js	594	Звезда Смерти · уничтожение Альдераана
vendor/galaxy-explorer/src/systems/systemData.js	595	Жёлтая звезда (G)
vendor/galaxy-explorer/src/systems/systemData.js	596	равнодушно светит на обломки Альдераана
vendor/galaxy-explorer/src/systems/systemData.js	601	Здесь Империя показала, на что способна её новая боевая станция: мирный Альдераан разлетелся обломками за один залп её главного орудия. Теперь станция уходит дальше — к джунглям луны Явин-4, где укрылись повстанцы.
vendor/galaxy-explorer/src/systems/systemData.js	603	Бронированная станция размером с малую луну способна расколоть планету одним выстрелом. Её собирали десятилетиями в полной тайне; вокруг патрулирует имперский флот клиновидных разрушителей.
vendor/galaxy-explorer/src/systems/systemData.js	605	абсолютное оружие и символ имперской власти
vendor/galaxy-explorer/src/systems/systemData.js	606	Один выстрел её главного орудия высвобождает энергию небольшой звезды.
vendor/galaxy-explorer/src/systems/systemData.js	618	Альдераан — мирный безоружный мир-сад, родина принцессы Леи Органы. Звезда Смерти уничтожила его одним залпом как демонстрацию силы — и это подняло всю галактику на восстание. (Star Wars)
vendor/galaxy-explorer/src/systems/systemData.js	621	Явин
vendor/galaxy-explorer/src/systems/systemData.js	626	Явин — красный газовый гигант, вокруг которого вращается покрытая джунглями луна Явин-4 с тайной базой повстанцев. (Star Wars)
vendor/galaxy-explorer/src/systems/systemData.js	629	Явин-4
vendor/galaxy-explorer/src/systems/systemData.js	632	Явин-4 — четвёртая луна газового гиганта Явин, сплошь покрытая джунглями и древними пирамидами массасси. Отсюда повстанцы запустили атаку, уничтожившую первую Звезду Смерти (Битва при Явине). (Star Wars)
vendor/galaxy-explorer/src/systems/systemData.js	700	Меркурий
vendor/galaxy-explorer/src/systems/systemData.js	831	Дом · Земля
vendor/galaxy-explorer/src/systems/systemData.js	832	Солнце (G)
vendor/galaxy-explorer/src/systems/systemData.js	833	жёлтый карлик — наш дом
vendor/galaxy-explorer/src/systems/systemData.js	839	Восемь миров на нитях гравитации вокруг жёлтого карлика. Третий от Солнца — голубая капля жизни, единственный известный дом разума.
vendor/galaxy-explorer/src/systems/systemData.js	841	Сформировалась 4,6 млрд лет назад из газопылевого диска. На третьей планете зажглась жизнь, а затем и разум, впервые посмотревший на звёзды.
vendor/galaxy-explorer/src/systems/systemData.js	842	вода
vendor/galaxy-explorer/src/systems/systemData.js	842	редкие металлы
vendor/galaxy-explorer/src/systems/systemData.js	843	колыбель человечества
vendor/galaxy-explorer/src/systems/systemData.js	844	Свет от Солнца идёт до Земли около 8 минут.
vendor/galaxy-explorer/src/systems/systemData.js	852	Венера
vendor/galaxy-explorer/src/systems/systemData.js	863	Ранняя космическая эра
vendor/galaxy-explorer/src/systems/systemData.js	864	Земля — голубой мир воды и воздуха, единственный известный дом жизни и разума. Низкую орбиту опоясывают спутники и одна обитаемая станция; к соседним мирам пока летят лишь зонды да первые корабли.
vendor/galaxy-explorer/src/systems/systemData.js	869	Любопытный вид, что едва оторвался от родной планеты: пара отпечатков на Луне, горстка зондов у соседних миров — и уже неутолимая тяга к Марсу и дальше.
vendor/galaxy-explorer/src/systems/systemData.js	870	Их низкая орбита плотно увешана спутниками связи и наблюдения, а единственную обитаемую станцию они делят на всех по очереди.
vendor/galaxy-explorer/src/systems/systemData.js	879	Юпитер
vendor/galaxy-explorer/src/systems/systemData.js	880	Сатурн
vendor/galaxy-explorer/src/systems/systemData.js	881	Уран
vendor/galaxy-explorer/src/systems/systemData.js	882	Нептун
vendor/galaxy-explorer/src/systems/systemData.js	893	Руины · карантин
vendor/galaxy-explorer/src/systems/systemData.js	894	Тусклый красный карлик (M)
vendor/galaxy-explorer/src/systems/systemData.js	895	еле тлеет над мёртвой колонией
vendor/galaxy-explorer/src/systems/systemData.js	901	Колония молчит уже двенадцать лет, но что-то внутри по-прежнему дышит. Шахтёры подняли из недр Эгиды VII древний красный обелиск — и мёртвые перестали быть мёртвыми. А на промёрзшем краю системы, под километрами льда Тау-Волантиса, спит то, ради чего всё и затевалось.
vendor/galaxy-explorer/src/systems/systemData.js	903	Здесь рвали расколотую планету ради руды, пока из глубин не подняли Знак. Сначала колония оглохла от шёпота, потом спасательный корабль застрял на орбите как плавучий саркофаг. Позже выяснилось: исток заразы — на ледяной Тау-Волантис, куда и ушла последняя экспедиция.
vendor/galaxy-explorer/src/systems/systemData.js	904	плотная руда
vendor/galaxy-explorer/src/systems/systemData.js	904	обломки Знака
vendor/galaxy-explorer/src/systems/systemData.js	904	красный изотоп
vendor/galaxy-explorer/src/systems/systemData.js	904	брошенный реголит
vendor/galaxy-explorer/src/systems/systemData.js	905	заброшенная шахтёрская колония / зона карантина
vendor/galaxy-explorer/src/systems/systemData.js	906	Иногда самые ценные находки лучше оставить там, где они спали.
vendor/galaxy-explorer/src/systems/systemData.js	910	Угли Тенебра
vendor/galaxy-explorer/src/systems/systemData.js	918	Эгида VII — каменистый чёрно-оранжевый мир с расплавленным ядром, истерзанный нелегальной добычей. Здесь из недр подняли древний Красный Обелиск — и колония сошла с ума, а мёртвые перестали быть мёртвыми. Над планетой до сих пор висит корабль-трещинник USG Ishimura. (Dead Space)
vendor/galaxy-explorer/src/systems/systemData.js	926	Тау-Волантис — промёрзшая планета на дальнем краю изученного космоса. Под её вечными льдами древняя цивилизация заморозила Лунного Брата — колоссальный разум-некроморф, рождённый Знаками. Экспедиция, пришедшая оборвать эпидемию в зародыше, нашла здесь её исток. (Dead Space)
vendor/galaxy-explorer/src/systems/systemData.js	932	Древний народ, что миллионы лет назад ценой собственной гибели заморозил Лунного Брата под километрами льда — лишь бы тот не проснулся.
vendor/galaxy-explorer/src/systems/systemData.js	933	От них остались только машины подо льдом да сами Знаки, чей шёпот пережил своих создателей.
vendor/galaxy-explorer/src/systems/systemData.js	943	тёплый спутник главной звезды
vendor/galaxy-explorer/src/systems/systemData.js	949	Окраина · два солнца
vendor/galaxy-explorer/src/systems/systemData.js	951	старшая из двух звёзд
vendor/galaxy-explorer/src/systems/systemData.js	957	Пыльная окраина галактики, где закат приходит дважды. Фермеры выжимают влагу из раскалённого воздуха, а в прокуренной таверне сходятся охотники за головами и пилоты сомнительной репутации.
vendor/galaxy-explorer/src/systems/systemData.js	958	Говорят, именно с этого захолустья начал путь мальчишка, которому предстояло перевернуть судьбу галактики.
vendor/galaxy-explorer/src/systems/systemData.js	959	влага из воздуха
vendor/galaxy-explorer/src/systems/systemData.js	959	запчасти дроидов
vendor/galaxy-explorer/src/systems/systemData.js	959	контрабанда
vendor/galaxy-explorer/src/systems/systemData.js	959	дешёвое топливо
vendor/galaxy-explorer/src/systems/systemData.js	960	перевалочный пункт контрабандистов
vendor/galaxy-explorer/src/systems/systemData.js	961	Два солнца на закате — и две тени за спиной.
vendor/galaxy-explorer/src/systems/systemData.js	969	Татуин — пустынный мир под двумя солнцами на дальней окраине Галактики, у перекрёстка контрабандных троп. Родина Люка Скайуокера; в космопорте Мос-Айсли здесь сходятся торговцы, охотники за головами и пилоты сомнительной репутации. (Star Wars)
vendor/galaxy-explorer/src/systems/systemData.js	971	Песчаный Скит
vendor/galaxy-explorer/src/systems/systemData.js	978	Пустыня · Пряность
vendor/galaxy-explorer/src/systems/systemData.js	979	Бело-голубой гигант (B)
vendor/galaxy-explorer/src/systems/systemData.js	980	жжёт безводный мир
vendor/galaxy-explorer/src/systems/systemData.js	985	Мир без единой капли дождя — и дороже всех остальных вместе взятых. Под бескрайними дюнами спят колоссальные черви, и каждый неосторожный шаг в ритме песка способен их разбудить.
vendor/galaxy-explorer/src/systems/systemData.js	986	Кто держит эти пески, держит за горло всю галактику: без Пряности нет дальних перелётов.
vendor/galaxy-explorer/src/systems/systemData.js	987	Пряность
vendor/galaxy-explorer/src/systems/systemData.js	987	вода на вес золота
vendor/galaxy-explorer/src/systems/systemData.js	987	зубы червей
vendor/galaxy-explorer/src/systems/systemData.js	987	соляные копи
vendor/galaxy-explorer/src/systems/systemData.js	988	единственный источник Пряности
vendor/galaxy-explorer/src/systems/systemData.js	989	Тот, кто контролирует Пряность, контролирует Вселенную.
vendor/galaxy-explorer/src/systems/systemData.js	1000	Арракис (Дюна) — самый опасный и самый ценный мир известной вселенной: сплошная пустыня и единственный источник специи-меланжа, без которой невозможны межзвёздные перелёты. Под дюнами спят колоссальные черви-шаи-хулуды, а коренные фримены берегут каждую каплю воды. (Dune)
vendor/galaxy-explorer/src/systems/systemData.js	1004	Закалённые жители дюн в дистикомбах, что по капле собирают влагу тела; глаза их синие от Пряности.
vendor/galaxy-explorer/src/systems/systemData.js	1013	Луна-джунгли
vendor/galaxy-explorer/src/systems/systemData.js	1015	согревает далёкую луну
vendor/galaxy-explorer/src/systems/systemData.js	1020	Луна-джунгли, что светится в ночи и дышит как единое существо. Леса мерцают в темноте, а целые горы парят в небе на магнитных потоках.
vendor/galaxy-explorer/src/systems/systemData.js	1021	Синекожий народ живёт в согласии с лесом, сплетённым в одну живую сеть. Пришельцы рвутся вглубь за бесценным камнем, не понимая, что воюют против самой планеты.
vendor/galaxy-explorer/src/systems/systemData.js	1022	парящий минерал
vendor/galaxy-explorer/src/systems/systemData.js	1022	биолюминесцентная флора
vendor/galaxy-explorer/src/systems/systemData.js	1022	редкие сплавы
vendor/galaxy-explorer/src/systems/systemData.js	1022	живая древесная сеть
vendor/galaxy-explorer/src/systems/systemData.js	1023	добыча сверхредкого минерала
vendor/galaxy-explorer/src/systems/systemData.js	1024	Здесь каждое дерево хранит память предков.
vendor/galaxy-explorer/src/systems/systemData.js	1030	Полифем
vendor/galaxy-explorer/src/systems/systemData.js	1036	Полифем — газовый гигант в системе Альфа Центавра, названный в честь циклопа из мифов. У него четырнадцать спутников, и самый знаменитый из них — обитаемая луна Пандора. (Avatar)
vendor/galaxy-explorer/src/systems/systemData.js	1044	Пандора — обитаемая луна газового гиганта Полифема, сплошь покрытая биолюминесцентными джунглями и парящими в небе горами. Дом синекожего народа На’ви; ради редчайшего анобтаниума сюда рвутся люди, не понимая, что воюют против самой живой планеты. (Avatar)
vendor/galaxy-explorer/src/systems/systemData.js	1047	Племенная цивилизация
vendor/galaxy-explorer/src/systems/systemData.js	1048	Рослые синекожие охотники, сплетённые нервущей связью с живой нейросетью своего леса.
vendor/galaxy-explorer/src/systems/systemData.js	1055	Ледяная Глушь
vendor/galaxy-explorer/src/systems/systemData.js	1057	Ледяной мир · база
vendor/galaxy-explorer/src/systems/systemData.js	1058	Бело-голубая звезда (A)
vendor/galaxy-explorer/src/systems/systemData.js	1059	светит, но не греет
vendor/galaxy-explorer/src/systems/systemData.js	1064	Замёрзший мир, где ночь убивает быстрее любого врага. Вечная метель хоронит под снегом всё живое, а в ледяных пещерах таится зверь, чьи когти не знают пощады.
vendor/galaxy-explorer/src/systems/systemData.js	1065	Повстанцы укрылись в туннелях подо льдом и патрулируют белую пустыню верхом на лохматых ящерах.
vendor/galaxy-explorer/src/systems/systemData.js	1066	геотермальное тепло
vendor/galaxy-explorer/src/systems/systemData.js	1066	шкуры ящеров
vendor/galaxy-explorer/src/systems/systemData.js	1066	укрытие во льдах
vendor/galaxy-explorer/src/systems/systemData.js	1067	тайная база мятежников
vendor/galaxy-explorer/src/systems/systemData.js	1068	Когда с орбиты сходят шагающие крепости, бой за ледник решает всё.
vendor/galaxy-explorer/src/systems/systemData.js	1078	Хот — ледяная планета, где ночь убивает быстрее любого врага. В её пещерах укрылась повстанческая база «Эхо», пока Империя не обрушила на неё шагающие крепости AT-AT. Местные таунтауны служат верховыми животными, а в ледяных норах таится свирепый вампа. (Star Wars)
vendor/galaxy-explorer/src/systems/systemData.js	1080	Повстанцы базы «Эхо»
vendor/galaxy-explorer/src/systems/systemData.js	1082	Упрямые повстанцы, что прячут флот в ледяных пещерах и не сдаются даже на краю гибели.
vendor/galaxy-explorer/src/systems/systemData.js	1085	Стылый Спутник
vendor/galaxy-explorer/src/systems/systemData.js	1102	Столица · Альянс
vendor/galaxy-explorer/src/systems/systemData.js	1107	спокойный очаг над общими стапелями
vendor/galaxy-explorer/src/systems/systemData.js	1113	Спокойная система у оранжевого карлика, где над родным миром аэларов висит первая общая верфь галактики. Сюда прилетают чиниться, учиться и подписывать. Синий маяк Первой Верфи виден раньше самой станции.
vendor/galaxy-explorer/src/systems/systemData.js	1115	После Войны Ста Флагов уцелевшие привели сюда то, что осталось от их доков, и состыковали обломки в одну станцию. На её переборке подписали Договор — без трона, без столицы, с одним обещанием на сотне языков. С тех пор вся система зовётся так, как звалась та станция: Первая Верфь.
vendor/galaxy-explorer/src/systems/systemData.js	1116	корабельная сталь
vendor/galaxy-explorer/src/systems/systemData.js	1116	сварочные сплавы
vendor/galaxy-explorer/src/systems/systemData.js	1116	топливный гелий Балласта
vendor/galaxy-explorer/src/systems/systemData.js	1116	навигационные карты маршрутов
vendor/galaxy-explorer/src/systems/systemData.js	1117	столица Альянса Свободных Верфей
vendor/galaxy-explorer/src/systems/systemData.js	1118	Договор подписан не чернилами, а сваркой: подписи выварены на переборке старого дока, и её никогда не красят.
vendor/galaxy-explorer/src/systems/systemData.js	1124	«Тихая Гавань» — двухкорпусный авианосец, головной корабль класса «Гавань»: два корпуса, соединённые доковым пролётом, куда помещается и звено истребителей, и повреждённый корвет целиком.
vendor/galaxy-explorer/src/systems/systemData.js	1125	Её собрали из двух недостроенных корпусов, брошенных войной на разбитых стапелях, — и доковый пролёт стал общим цехом уцелевших ещё до подписания Договора. На переборке пролёта выбиты имена экипажей, снятых ею с обречённых кораблей на рубежах Империи и Роя, — список давно перевалил за шесть тысяч. У навигаторов Альянса есть поговорка: не знаешь, куда идти, — иди к «Гавани».
vendor/galaxy-explorer/src/systems/systemData.js	1135	Родной мир аэларов
vendor/galaxy-explorer/src/systems/systemData.js	1136	Родной мир аэларов: невысокие города вдоль побережий, посадочные поля вместо космопортов, старые песни в ритме работы. Над экватором висит кольцевой хаб-верфь — первое, что видит любой корабль, идущий в систему. Аэлары говорят, что планета — это тоже док, просто очень старый.
vendor/galaxy-explorer/src/systems/systemData.js	1141	Аэлары не любят громких слов и длинных клятв: у них считается, что обещание, произнесённое дважды, наполовину съедено. Поэтому Договор они подписали молча — и держат его дольше всех.
vendor/galaxy-explorer/src/systems/systemData.js	1142	Их дети учатся варить шов раньше, чем писать: первый знак аэларской азбуки — сварочный стежок. Старые песни аэларов поют в ритме работы, и в доках их подхватывают на всех языках Альянса.
vendor/galaxy-explorer/src/systems/systemData.js	1143	Навигаторы-аэлары славятся тем, что возвращаются. Не самым быстрым маршрутом и не самым коротким — тем, который приведёт домой весь конвой.
vendor/galaxy-explorer/src/systems/systemData.js	1145	Негромкий народ верфей: лучшие сварщики и навигаторы Альянса.
vendor/galaxy-explorer/src/systems/systemData.js	1149	Стапель
vendor/galaxy-explorer/src/systems/systemData.js	1153	Промышленный мир-доки: открытые литейные поля, орбитальные краны, смены, которые не прекращаются со дня подписания Договора. Здесь катают броневой лист для половины флота Альянса. Имя планете дали докеры — и оно прижилось раньше, чем попало в атласы.
vendor/galaxy-explorer/src/systems/systemData.js	1156	Балласт
vendor/galaxy-explorer/src/systems/systemData.js	1161	Газовый гигант с тремя лунами — топливный причал системы. У его облаков дежурят сборщики, а на лунах живут заправочные команды, знающие каждый танкер флота по голосу двигателей. Тихое место с самой скучной и самой важной работой в системе.
vendor/galaxy-explorer/src/systems/systemData.js	1169	Столица · Империя Пепла
vendor/galaxy-explorer/src/systems/systemData.js	1174	холодный и яркий свет над пепелищем
vendor/galaxy-explorer/src/systems/systemData.js	1180	Домашняя система Империи Пепла под холодной белой звездой класса A. Здесь висит поле обломков расколотого Хешта — рана, вокруг которой построено государство, — и тронный мир Наковальня, самая укреплённая верфь галактики.
vendor/galaxy-explorer/src/systems/systemData.js	1182	До Войны Ста Флагов система носила другое имя; теперь его произносят только в поминальных списках. Когда Хешт раскололся, уцелевшие не ушли к чужим солнцам — остались среди обломков и отстроились на соседней Наковальне. С тех пор это единственная столица галактики, над которой всегда видно, чем кончается слабость.
vendor/galaxy-explorer/src/systems/systemData.js	1183	броневая оружейная сталь
vendor/galaxy-explorer/src/systems/systemData.js	1183	военные верфи полного цикла
vendor/galaxy-explorer/src/systems/systemData.js	1183	дейтериевый лёд Бдения
vendor/galaxy-explorer/src/systems/systemData.js	1183	осколки Хешта — святыня, не товар
vendor/galaxy-explorer/src/systems/systemData.js	1184	столица Империи Пепла
vendor/galaxy-explorer/src/systems/systemData.js	1185	Каждый корабль Империи несёт в киле осколок расколотого Хешта — его вваривают раньше всякой стали.
vendor/galaxy-explorer/src/systems/systemData.js	1191	«Тризна» — чёрный четырёхсотметровый дредноут с алыми клинками маркировки, флагманский класс Империи Пепла: боевой корабль и поминальный зал под одной бронёй.
vendor/galaxy-explorer/src/systems/systemData.js	1192	Головная «Тризна» собрана из брони кораблей, погибших при расколе Хешта, а её киль отлит вокруг самого крупного осколка, какой когда-либо поднимали с поля обломков. Класс не участвует в парадах: «Тризна» покидает док только тогда, когда Империя уже решила стрелять.
vendor/galaxy-explorer/src/systems/systemData.js	1202	Расколотый родной мир хештов: вместо планеты — медленно вращающееся поле обломков. Святыня и рана; сюда не садятся — сюда приходят молчать, заглушив двигатель на границе поля. Единственное, что отсюда берут, — осколки коры для килей новых кораблей.
vendor/galaxy-explorer/src/systems/systemData.js	1210	Тронный мир хештов
vendor/galaxy-explorer/src/systems/systemData.js	1211	Тронный мир Империи: чёрные города-арсеналы, вкопанные в скальные хребты, кольцевой хаб-крепость на орбите и небо, в котором всегда виден расколотый Хешт. Здесь стоит Пепельный Трон и куётся весь имперский флот.
vendor/galaxy-explorer/src/systems/systemData.js	1216	Хешты — народ Империи Пепла, переживший гибель собственного мира в Войну Ста Флагов. Их культура выстроена вокруг памяти: имена погибших носят корабли, улицы и дети.
vendor/galaxy-explorer/src/systems/systemData.js	1217	Траур у хештов — не слабость, а дисциплина: скорбит тот, кто помнит, а помнит тот, кто не допустит повторения. Отсюда их клятва — больше никогда не быть уязвимыми.
vendor/galaxy-explorer/src/systems/systemData.js	1218	К другим народам хешты не жестоки, но и не равны с ними: чужак может жить под защитой Империи и строить её корабли, а гражданином не станет. Империя называет это честностью.
vendor/galaxy-explorer/src/systems/systemData.js	1224	Бдение
vendor/galaxy-explorer/src/systems/systemData.js	1228	Ледяной гарнизонный мир на внешнем рубеже системы. Под коркой льда — казармы, склады на десятилетия осады и доки быстрого развёртывания; вахту здесь несут молча и называют её бдением.
vendor/galaxy-explorer/src/systems/systemData.js	1236	Столица · Рой
vendor/galaxy-explorer/src/systems/systemData.js	1241	тёплое солнце над миром-садом
vendor/galaxy-explorer/src/systems/systemData.js	1247	Тёплый жёлтый карлик и три мира при деле: прародина-сад под сплошными джунглями, океан-питомник, где зреют молодые кили, и газовый гигант с пастбищами полипов. Ни одно имя здесь не дано хозяевами — систему назвали чужие картографы, а Рой не возразил, потому что не заметил.
vendor/galaxy-explorer/src/systems/systemData.js	1249	Картографы нашли систему через десятилетия после первого контакта — шли по течениям спор против потока, как ищут исток реки. Старейшие панцири в орбитальном кольце-улье старше Войны Ста Флагов; что было до них, не знает никто, и меньше всех — сам Рой.
vendor/galaxy-explorer/src/systems/systemData.js	1250	корабельный хитин
vendor/galaxy-explorer/src/systems/systemData.js	1250	споры
vendor/galaxy-explorer/src/systems/systemData.js	1250	биолюминесцентная смола
vendor/galaxy-explorer/src/systems/systemData.js	1250	полипный газ
vendor/galaxy-explorer/src/systems/systemData.js	1251	прародина Роя
vendor/galaxy-explorer/src/systems/systemData.js	1252	Все названия в этой системе дали чужие — сам Рой не назвал здесь ничего, даже себя.
vendor/galaxy-explorer/src/systems/systemData.js	1258	«Исполин» — старейший из выращенных левиафанов Роя: четыреста метров живого хитина, борозды сросшихся рёбер и медленный фиолетовый свет в глубине панциря. Экипажа нет — тварь живёт сама.
vendor/galaxy-explorer/src/systems/systemData.js	1259	Имя дали скауты Альянса: издали, когда он ведёт стаю вдоль рубежа, его горбатый силуэт заслоняет полнеба, будто с места снялся остров. Однажды он прошёл сквозь имперскую блокаду, не сменив курса и не дав ни одного залпа. Единственное, перед чем он свернул, — маршрут Предтеч.
vendor/galaxy-explorer/src/systems/systemData.js	1268	Мир-сад Роя
vendor/galaxy-explorer/src/systems/systemData.js	1269	Мир-сад, с орбиты сплошь зелёный, без единого огня городов — города здесь не строят, здесь растут. На орбите висит выращенное кольцо-улей; с поверхности оно видно ночью как медленная лиловая звезда. Считается прародиной Приплода, хотя сам Приплод ничего не считает.
vendor/galaxy-explorer/src/systems/systemData.js	1274	«Приплод» — имя из чужих атласов: первые картографы записали его как погодное явление, «прилив», и поправку внесли лишь наполовину. Сам он себя не зовёт никак — имя нужно тому, кто отличает себя от других.
vendor/galaxy-explorer/src/systems/systemData.js	1275	Что такое отдельная особь Приплода — вопрос без ответа: тварь, риф, гребень нароста на скале и волна света в стае — одно существо или миллиард, зависит от того, где резать. Приплод не режет.
vendor/galaxy-explorer/src/systems/systemData.js	1276	Он не зол и не добр. Он растёт — как прилив поднимается по отмели: медленно, без намерения и без остановки.
vendor/galaxy-explorer/src/systems/systemData.js	1278	Монораса-коллектив; стая исполинских тварей, кочующая между звёзд.
vendor/galaxy-explorer/src/systems/systemData.js	1282	Питомник
vendor/galaxy-explorer/src/systems/systemData.js	1286	Океанский мир: в тёплых отмелях зреют молодые кили, и по ночам вода светится вдоль всей береговой линии. Сюда же приходят умирать старые корабли — их панцири ложатся рифами, и на рифах прорастает новое поколение. Кладбище и родильный дом здесь неразличимы.
vendor/galaxy-explorer/src/systems/systemData.js	1289	Пастбище
vendor/galaxy-explorer/src/systems/systemData.js	1294	Газовый гигант, в верхних облаках которого пасутся стада газовых полипов. Среди диких ходят сборщики Роя — наевшись, они тяжелеют, тускнеют и всплывают к орбите отдавать. Чужие танкеры держатся выше и завидуют молча.
vendor/galaxy-explorer/src/systems/systemData.js	1302	Столица · Синдикат
vendor/galaxy-explorer/src/systems/systemData.js	1307	стерильный свет над нулевым меридианом
vendor/galaxy-explorer/src/systems/systemData.js	1313	Белая звезда класса A и три актива на её балансе — штаб-квартира Синдиката «Меридиан». Здесь сходятся все маршруты галактики: не физически — юридически. Каждый тариф, каждое расписание и само галактическое время отсчитываются от нулевого меридиана Прайма.
vendor/galaxy-explorer/src/systems/systemData.js	1315	Систему не колонизировали — её приобрели: после Войны Ста Флагов Синдикат выкупил её вместе с долгами прежних владельцев и перенёс сюда головной офис. С тех пор Прайм застроен сплошным городом под стеклом, а на орбите запущены эталонные часы, заверяющие сделки половины галактики.
vendor/galaxy-explorer/src/systems/systemData.js	1316	маршрутные лицензии
vendor/galaxy-explorer/src/systems/systemData.js	1316	эталонное время
vendor/galaxy-explorer/src/systems/systemData.js	1316	редкие металлы Актива-2
vendor/galaxy-explorer/src/systems/systemData.js	1316	топливные фьючерсы Резерва
vendor/galaxy-explorer/src/systems/systemData.js	1317	штаб-квартира Синдиката «Меридиан»
vendor/galaxy-explorer/src/systems/systemData.js	1318	Ни одна сделка в галактике не считается закрытой, пока её не заверили эталонные часы Прайма.
vendor/galaxy-explorer/src/systems/systemData.js	1324	«Контрольный пакет» — четырёхсотметровый графитовый дредноут-штаб: хищный гранёный корпус, циановые линии от носа до дюз, дремлющие батареи вдоль хребта. Не переговорщик — головной офис, который приходит к вам сам.
vendor/galaxy-explorer/src/systems/systemData.js	1325	Заложен сразу после Войны Ста Флагов на стапелях верфи, выкупленной у погибшего флота, — Синдикат зовёт это рачительностью. Выстрелов за кораблём не записано ни одного; тем не менее в дюжине систем его появление на орбите вошло в хроники словом «поглощение».
vendor/galaxy-explorer/src/systems/systemData.js	1335	Штаб-квартира Синдиката
vendor/galaxy-explorer/src/systems/systemData.js	1336	Мир-штаб: сплошной город под стеклом, над ним — кольцевой хаб «нулевого меридиана», от которого отсчитываются все маршруты галактики. За соседними столами здесь сидят десятки рас — Синдикат нанимает всех, кто подписывает. Единственная сегрегация — по классам акций.
vendor/galaxy-explorer/src/systems/systemData.js	1339	Актив-2
vendor/galaxy-explorer/src/systems/systemData.js	1343	Добывающий актив: скальный мир, выработанный на треть и переоценённый в большую сторону. Шахтные города арендуют воздух у корпорации — вычет из жалования, пункт стандартный.
vendor/galaxy-explorer/src/systems/systemData.js	1346	Резерв
vendor/galaxy-explorer/src/systems/systemData.js	1351	Газовый гигант, у которого торгуют топливом половины галактики. Белые газосборщики висят в верхних слоях, как канделябры; цена дейтерия рождается здесь дважды в сутки.
vendor/galaxy-explorer/src/systems/systemData.js	1359	Столица · Картель
vendor/galaxy-explorer/src/systems/systemData.js	1364	тусклый очаг окраины
vendor/galaxy-explorer/src/systems/systemData.js	1370	Тусклый красный карлик на краю рукава, который не был нужен никому — пока не понадобился всем, кому некуда было лететь. Вокруг него вырос старейший вольный порт галактики: толчея бортов у газового гиганта, свалка-верфь и доки, где плиты не гаснут.
vendor/galaxy-explorer/src/systems/systemData.js	1372	Первые корабли пришли сюда в конце Войны Ста Флагов — дезертиры и беженцы, которых не ждали ни под одним флагом. Первый док они собрали из собственных разбитых бортов, а следующих гостей уже не прогоняли: прогонять беглеца — значит делать то, от чего бежал сам. Так место, которого не было на картах, стало домом для всех, кого с карт вычеркнули.
vendor/galaxy-explorer/src/systems/systemData.js	1373	корабельный лом
vendor/galaxy-explorer/src/systems/systemData.js	1373	топливный газ
vendor/galaxy-explorer/src/systems/systemData.js	1373	сварные корпуса
vendor/galaxy-explorer/src/systems/systemData.js	1374	главный вольный порт Картеля
vendor/galaxy-explorer/src/systems/systemData.js	1375	Отсюда не выдали ни одного человека — единственная статистика, которую в Гавани ведут честно.
vendor/galaxy-explorer/src/systems/systemData.js	1381	«Мамаша» — флагман-матка Вольного Картеля: четыреста метров сшитых воедино чужих корпусов, сорок шлюзов, доки, рынок и две тысячи экипажа. Не столько боевой корабль, сколько летающий порт, который приходит туда, где своего порта нет.
vendor/galaxy-explorer/src/systems/systemData.js	1382	Её начали варить в последний год Войны Ста Флагов — из кораблей тех, кто ушёл из своих флотов и не мог вернуться. В корпусе различимы плиты шести разных верфей, и ни одну не стали перекрашивать: пусть видно, из чего сделан дом. Когда в порту говорят «мамка пришла», это значит: всё, теперь есть куда отступать.
vendor/galaxy-explorer/src/systems/systemData.js	1392	Полосатый газовый гигант, вокруг которого крутится вся жизнь Гавани: газосборщики, сотни доков, вечная толчея бортов на подходах. Диспетчеров нет — есть очередь, и её здесь уважают больше законов. Говорят, Толстяк кормит половину Картеля, и это почти не преувеличение.
vendor/galaxy-explorer/src/systems/systemData.js	1395	Куча
vendor/galaxy-explorer/src/systems/systemData.js	1400	Вольный порт
vendor/galaxy-explorer/src/systems/systemData.js	1401	Каменный мир, заваленный корабельным ломом трёх веков: здесь корабли разбирают, пересобирают и отпускают летать дальше. Живёт на Куче сброд всех рас — дезертиры, старатели и их внуки, давно переставшие делить друг друга по крови. На орбите висит аванпост: наполовину таможня, наполовину рынок, и обе половины врут.
vendor/galaxy-explorer/src/systems/systemData.js	1404	Погреб
vendor/galaxy-explorer/src/systems/systemData.js	1407	Ледяной мир на дальней орбите, в трещинах которого прячут груз, которого не должно существовать, и людей, которых не должны найти. Карт Погреба нет — есть люди, которые помнят, и этого достаточно.
vendor/galaxy-explorer/src/systems/systemData.js	1415	Столица · Предтечи
vendor/galaxy-explorer/src/systems/systemData.js	1420	очень старый ровный свет
vendor/galaxy-explorer/src/systems/systemData.js	1426	Система очень старой жёлто-белой звезды, вокруг которой всё стоит на своих местах — так, будто его только что поправили. Над пустынной Скрижалью висит золотой хаб из парящих осколков, а подо льдом Архива спят незапертые хранилища. Карты всех шести флотов помечают систему одинаково: не мешать.
vendor/galaxy-explorer/src/systems/systemData.js	1428	Никто не помнит эту систему молодой: она была такой на самых старых картах и не изменилась ни на одной новой. Война Ста Флагов прошла мимо неё, как река мимо камня. Хозяева ушли задолго до всех хроник — но города выметены, а сад на Скрижали поливают до сих пор.
vendor/galaxy-explorer/src/systems/systemData.js	1429	руническая бронза
vendor/galaxy-explorer/src/systems/systemData.js	1429	удерживающий свет
vendor/galaxy-explorer/src/systems/systemData.js	1429	древние сплавы осколков
vendor/galaxy-explorer/src/systems/systemData.js	1429	спящие архивы
vendor/galaxy-explorer/src/systems/systemData.js	1430	последняя гавань Предтеч
vendor/galaxy-explorer/src/systems/systemData.js	1431	Здесь никто не встречал хозяев — но пыли нет нигде.
vendor/galaxy-explorer/src/systems/systemData.js	1437	«Тот, Кто Остался» — золотой корабль-руна: монолит-обелиск в кольце парящих осколков, самый большой из кораблей Предтеч. Имя — перевод руны на его борту, сделанный чужими картографами.
vendor/galaxy-explorer/src/systems/systemData.js	1438	Единственный корабль Предтеч с кольцевым маршрутом: он никуда не идёт — он обходит. В Войну Ста Флагов его линия трижды пересекала фронты, и трижды он прошёл сквозь строй, не открывая огня; строй не восстановился ни разу. Аэларские навигаторы переводят руну на его борту тремя словами, а о четвёртом спорят третье столетие.
vendor/galaxy-explorer/src/systems/systemData.js	1447	Старшая раса
vendor/galaxy-explorer/src/systems/systemData.js	1448	Пустынный древний мир, чьи города с орбиты читаются как строки текста. Улицы почти пусты, но выметены; единственный сад поливают, хотя дождей не было тысячелетиями. Над планетой висит золотой хаб — осколки, удерживаемые тёплым светом.
vendor/galaxy-explorer/src/systems/systemData.js	1453	Старшая раса галактики ушла задолго до всех войн и всех хроник — куда и зачем, не записано нигде. Остались корабли на маршрутах, прибранные города и руины на мёртвых мирах.
vendor/galaxy-explorer/src/systems/systemData.js	1454	Тех, кто остался, видят редко: высокие силуэты в конце улицы, всегда за работой — поправляют, выметают, поливают. С гостями они не заговаривают, но и не прогоняют их; разговор просто не складывается.
vendor/galaxy-explorer/src/systems/systemData.js	1455	С Предтечами не воюют. Не потому, что нельзя, — потому что никто не знает, что будет, если начать.
vendor/galaxy-explorer/src/systems/systemData.js	1461	Архив
vendor/galaxy-explorer/src/systems/systemData.js	1464	Ледяной мир спящих хранилищ. Двери не заперты и теплы на ощупь — именно поэтому внутрь никто не входит. Раз в поколение одно из хранилищ ненадолго освещается изнутри.
vendor/galaxy-explorer/src/ui/hud.js	72	дом цивилизации
vendor/galaxy-explorer/src/ui/hud.js	76	купольная база
vendor/galaxy-explorer/src/ui/hud.js	77	терраформированная колония
vendor/galaxy-explorer/src/ui/hud.js	78	колония-поселение
vendor/galaxy-explorer/src/ui/hud.js	80	обломки мира
vendor/galaxy-explorer/src/ui/hud.js	81	мёртвый мир, кратер
vendor/galaxy-explorer/src/ui/hud.js	82	мёртвый мир машин
vendor/galaxy-explorer/src/ui/hud.js	83	безжизненные руины
vendor/galaxy-explorer/src/ui/hud.js	104	Станция · город-кольцо
vendor/galaxy-explorer/src/ui/hud.js	105	Орбитальный город-кольцо
vendor/galaxy-explorer/src/ui/hud.js	106	Огромная вращающаяся станция-кольцо: искусственную тяжесть здесь создаёт само вращение обода. Внутри — целый город: жилые ярусы, верфи и причалы для кораблей со всей системы.
vendor/galaxy-explorer/src/ui/hud.js	108	кольцевой хабитат
vendor/galaxy-explorer/src/ui/hud.js	109	Население
vendor/galaxy-explorer/src/ui/hud.js	109	десятки тысяч
vendor/galaxy-explorer/src/ui/hud.js	110	столица орбиты, верфь и порт
vendor/galaxy-explorer/src/ui/hud.js	114	Станция · сбор газа
vendor/galaxy-explorer/src/ui/hud.js	115	Газовый коллектор
vendor/galaxy-explorer/src/ui/hud.js	116	Платформа висит в верхних облаках газового гиганта и черпает из них водород и гелий-3 — топливо для дальних перелётов. Снизу тянутся километровые заборники, сверху швартуются танкеры.
vendor/galaxy-explorer/src/ui/hud.js	118	добывающая платформа
vendor/galaxy-explorer/src/ui/hud.js	119	Добыча
vendor/galaxy-explorer/src/ui/hud.js	119	водород · гелий-3
vendor/galaxy-explorer/src/ui/hud.js	120	топливо для флота
vendor/galaxy-explorer/src/ui/hud.js	124	Станция · форпост
vendor/galaxy-explorer/src/ui/hud.js	125	Орбитальный хаб
vendor/galaxy-explorer/src/ui/hud.js	126	Скромный модульный форпост на орбите: причал, склады и узел связи с метрополией. Отсюда следят за погодой, кораблями и горизонтом.
vendor/galaxy-explorer/src/ui/hud.js	128	модульный форпост
vendor/galaxy-explorer/src/ui/hud.js	129	небольшой гарнизон
vendor/galaxy-explorer/src/ui/hud.js	130	причал и связь колонии
vendor/galaxy-explorer/src/ui/hud.js	143	Раскалённый вулканический мир
vendor/galaxy-explorer/src/ui/hud.js	144	Каменистый безатмосферный мир
vendor/galaxy-explorer/src/ui/hud.js	145	Сухой пустынный мир
vendor/galaxy-explorer/src/ui/hud.js	146	Землеподобный мир
vendor/galaxy-explorer/src/ui/hud.js	147	Океанический мир
vendor/galaxy-explorer/src/ui/hud.js	148	Ледяной, промёрзший мир
vendor/galaxy-explorer/src/ui/hud.js	152	Кипящие лавовые реки и чёрные базальтовые поля — ни воздуха, ни воды.
vendor/galaxy-explorer/src/ui/hud.js	153	Голый камень в кратерах, без атмосферы и следов жизни.
vendor/galaxy-explorer/src/ui/hud.js	154	Бескрайние дюны и сухие ветра под жарким солнцем.
vendor/galaxy-explorer/src/ui/hud.js	155	Тёплый мир с водой и воздухом — здесь могла бы быть жизнь.
vendor/galaxy-explorer/src/ui/hud.js	156	Сплошной океан от полюса до полюса под облачным небом.
vendor/galaxy-explorer/src/ui/hud.js	157	Замёрзший мир: ледяные равнины трещат в полной тишине.
vendor/galaxy-explorer/src/ui/hud.js	158	Исполин из водорода и гелия с вечными штормами в облаках.
vendor/galaxy-explorer/src/ui/hud.js	167	Живой обитаемый мир: его народ ещё живёт малыми племенами и не вышел в космос — небо над ним пусто, ни спутников, ни станций.
vendor/galaxy-explorer/src/ui/hud.js	169	Живой обитаемый мир: цивилизация только осваивает орбиту — в небе уже кружат первые спутники, но станций и кораблей пока нет.
vendor/galaxy-explorer/src/ui/hud.js	170	Живой обитаемый мир — сердце космической цивилизации. Вокруг него вращаются станции, спутники и корабли.
vendor/galaxy-explorer/src/ui/hud.js	172	Колония переселенцев: на ночной стороне горят огни поселений, рядом висит орбитальный хаб.
vendor/galaxy-explorer/src/ui/hud.js	173	От планеты остались лишь медленно расходящиеся обломки — её разнесли в пыль.
vendor/galaxy-explorer/src/ui/hud.js	174	Мёртвый мир со шрамом катастрофы: гигантский кратер пересекает кору.
vendor/galaxy-explorer/src/ui/hud.js	175	Мёртвый мир, где машины до сих пор обслуживают опустевшие города.
vendor/galaxy-explorer/src/ui/hud.js	176	Безжизненные руины давно исчезнувшей цивилизации.
vendor/galaxy-explorer/src/ui/hud.js	177	Дикий, нетронутый мир.
vendor/galaxy-explorer/src/ui/hud.js	185	сера
vendor/galaxy-explorer/src/ui/hud.js	186	силикаты
vendor/galaxy-explorer/src/ui/hud.js	187	кремний
vendor/galaxy-explorer/src/ui/hud.js	187	соли и руды
vendor/galaxy-explorer/src/ui/hud.js	187	следы воды
vendor/galaxy-explorer/src/ui/hud.js	188	плодородная почва
vendor/galaxy-explorer/src/ui/hud.js	189	биомасса
vendor/galaxy-explorer/src/ui/hud.js	189	растворённые соли
vendor/galaxy-explorer/src/ui/hud.js	190	аммиак
vendor/galaxy-explorer/src/ui/hud.js	220	<span><b>Массы звёзд:</b> ≈ ${fmtSolar(m)} + ${fmtSolar(data.binary.star2.solarMass)} ☉</span>
vendor/galaxy-explorer/src/ui/hud.js	222	<span><b>Масса звезды:</b> ≈ ${fmtSolar(m)} ☉ (Солнц)</span>
vendor/galaxy-explorer/src/ui/hud.js	270	← Назад
vendor/galaxy-explorer/src/ui/hud.js	289	<div class="fc-meta-title">Характеристики</div>
vendor/galaxy-explorer/src/ui/hud.js	291	<div class="fc-res-title">Ресурсы</div>
vendor/galaxy-explorer/src/ui/hud.js	390	<div class="fact-head">✦ Заметка на полях</div><p></p>
vendor/galaxy-explorer/src/ui/hud.js	425	← Назад к галактике
vendor/galaxy-explorer/src/ui/hud.js	427	Об этой системе
vendor/galaxy-explorer/src/ui/hud.js	429	✦ СОБЫТИЕ · 
vendor/galaxy-explorer/src/ui/hud.js	436	Двойная звезда · ${data.star.label} + ${data.binary.star2.label}
vendor/galaxy-explorer/src/ui/hud.js	445	<span><b>Возраст:</b> ${data.ageGyr} млрд лет</span>
vendor/galaxy-explorer/src/ui/hud.js	447	<span><b>Назначение:</b> ${data.useFor}</span>
vendor/galaxy-explorer/src/ui/hud.js	465	← Назад к системе
vendor/galaxy-explorer/src/ui/hud.js	467	О планете
vendor/galaxy-explorer/src/ui/hud.js	469	Обитаемая планета
vendor/galaxy-explorer/src/ui/hud.js	469	Колония
vendor/galaxy-explorer/src/ui/hud.js	469	Мёртвый мир
vendor/galaxy-explorer/src/ui/hud.js	481	<span><b>Диаметр:</b> ≈ ${groupThousands(planetDiameterKm(p))} км</span>
vendor/galaxy-explorer/src/ui/hud.js	482	<span><b>Масса:</b> ≈ ${fmtEarths(planetMassEarth(p))} ⊕ (Земли)</span>
vendor/galaxy-explorer/src/ui/hud.js	483	<span><b>Луны:</b> ${moonN}</span>
vendor/galaxy-explorer/src/ui/hud.js	505	Характеристики
vendor/galaxy-explorer/src/ui/hud.js	508	Флагман флота
vendor/galaxy-explorer/src/ui/hud.js	508	Корабль · ${role.size}
vendor/galaxy-explorer/src/ui/hud.js	515	Флот: ${faction.name}
vendor/galaxy-explorer/src/ui/hud.js	529	<span><b>Класс:</b> ${roleName}</span>
vendor/galaxy-explorer/src/ui/hud.js	530	<span><b>Длина:</b> ${role.lengthM} м</span>
vendor/galaxy-explorer/src/ui/hud.js	531	<span><b>Скорость:</b> ${speedVal} / 10</span>
vendor/galaxy-explorer/src/ui/hud.js	532	<span><b>Экипаж:</b> ${role.crew}</span>
vendor/galaxy-explorer/src/ui/hud.js	563	Орбитальная постройка
vendor/galaxy-explorer/src/ui/hud.js	563	Постройка флота: ${faction.name}
vendor/galaxy-explorer/src/ui/hud.js	608	★ Столица фракции
vendor/galaxy-explorer/src/ui/hud.js	608	Неопознанный объект
vendor/galaxy-explorer/src/ui/hud.js	608	Неопознанная система
vendor/galaxy-explorer/src/ui/hud.js	611	<div class="tt-status" style="color:var(--parchment)">не исследована</div>
vendor/galaxy-explorer/src/ui/hud.js	612	<div class="tt-teaser">Нажмите, чтобы исследовать →</div>
vendor/galaxy-explorer/src/ui/hud.js	623	Масштаб
vendor/galaxy-explorer/src/ui/hud.js	637	Эпоха
vendor/galaxy-explorer/src/ui/hud.js	638	Народ
vendor/galaxy-explorer/src/ui/hud.js	643	<div class="tt-teaser tt-seen">✓ Исследована · открыть снова</div>
vendor/galaxy-explorer/src/ui/hud.js	690	Вписано в карту <b>${n}</b> / ${total}
vendor/galaxy-explorer/src/ui/planetLabels.js	51	флагман
vendor/galaxy-explorer/src/ui/planetLabels.js	58	Станция · 
vendor/galaxy-explorer/src/ui/planetLabels.js	67	корабль-трещинник
vendor/galaxy-explorer/src/ui/planetLabels.js	71	к Марсу
